id,video,photo,hash
1,videos/sample_1.mp4,photos/sample_1.mp4.png,9ad36affe1e4588341da242bb8b307861a557c721198679f175e4744e8c455d6
2,videos/sample_2.mp4,photos/sample_2.mp4.png,f09bb902cc0d6f0d2c1b0677f8cf3f0c9ec633e7ce525ef74db06d7784943dc8
3,videos/sample_3.mp4,photos/sample_3.mp4.png,97fb5029b38d62c3d71d67d637796f4955fdd14970bec23bf00d7e1b36c39ec7
4,videos/sample_4.mp4,photos/sample_4.mp4.png,edc7f1b487a55b56c650521979835f678879b74a473e4619b52c53bfe12c0ce7
5,videos/sample_5.mp4,photos/sample_5.mp4.png,b5d7329b4dacf0bb3521d777620411ed24d963b94154963ba22ec7a17d0a3d0a
6,videos/sample_6.mp4,photos/sample_6.mp4.png,763096ed0e8173df6f8ed7176b521cfc9466e2a8b64054af6d8b31519d1463eb
7,videos/sample_7.mp4,photos/sample_7.mp4.png,2011b2b1a38ecb84299155e1482df781e525e35fe8201788009a094880600d77
8,videos/sample_8.mp4,photos/sample_8.mp4.png,e25a053ddf96842e95256dec1754373b63a80029298959bb369e2095da114c9b
9,videos/sample_9.mp4,photos/sample_9.mp4.png,42f25ca1ee72cac40cface6a2ee2e1423c52dcdbcc4f7f1e73cd7804dc28424c
10,videos/sample_10.mp4,photos/sample_10.mp4.png,0c279efca160220341d18866f9121ec7aefa4bd0fb22e9d225249ca484e17c00
11,videos/sample_11.mp4,photos/sample_11.mp4.png,afa476b5ef13d9b1fd824099e67dd89508d10532fb46a4ed860dd1f830bb4f23
12,videos/sample_12.mp4,photos/sample_12.mp4.png,c84e213c2553738ee28f2508da8e607fe42f6f3f84b5700349df22cef483b5ee
13,videos/sample_13.mp4,photos/sample_13.mp4.png,6a611e0489bae3c8611c931d5d724b78bfc3460ea3cb89cc0380ac5c41f8b5f8
14,videos/sample_14.mp4,photos/sample_14.mp4.png,f85663f8d45b5a137175b8010e224613e21d2db3843a835ebd34b9d01914d5fd
15,videos/sample_15.mp4,photos/sample_15.mp4.png,f6e53d6fc9b180965cf211f6f0f723b0d054c476b579058a428d2eb8e3494fbd
16,videos/sample_16.mp4,photos/sample_16.mp4.png,7767079905c221a031fcd3c88a88d1af2a5f7a00e06022a2abf39b7f0249aaf9
17,videos/sample_17.mp4,photos/sample_17.mp4.png,6a1e379b60feddb53afa2a3e05ff26b7079f99caff393ef2ff6bfd3019c6abbb
18,videos/sample_18.mp4,photos/sample_18.mp4.png,bd80ac83d31277d0f0dba17e6803ba0ab8e3d2752c576e07b4b2fac7e8a30459
19,videos/sample_19.mp4,photos/sample_19.mp4.png,8f49234e66bab036d17f983b65b66ecf2f50cf16fd6110e901928a242e0ae08e
20,videos/sample_20.mp4,photos/sample_20.mp4.png,0854c86f222eea9ac35c4022d56470a4793ec0f25e4883e53d99441bd364b52b
21,videos/sample_21.mp4,photos/sample_21.mp4.png,ea75d5df75942c46a4ec4b762eb1d17b529d69ed9433e839516ff42abc14b4ee
22,videos/sample_22.mp4,photos/sample_22.mp4.png,93a5146cfd89223944e082d4511658a1fadf7ae94d6512ca217977a86f780b71
23,videos/sample_23.mp4,photos/sample_23.mp4.png,f628779a695deb7c033bc066c8228cd2d43ec08368e05a25e73d8743a430673c
24,videos/sample_24.mp4,photos/sample_24.mp4.png,7327e545aff7a772d727ef4b98a6d1f33c1b482810cfb0afa79ae7f63b83a502
25,videos/sample_25.mp4,photos/sample_25.mp4.png,53f1ba9c6c202f5426ba2077c5186c9424391c531446812c78367a641d8cbe40
26,videos/sample_26.mp4,photos/sample_26.mp4.png,8f90e8efa7ad406626662203a5dd92be818605b1f87e11a2d2a199087aa674f1
27,videos/sample_27.mp4,photos/sample_27.mp4.png,322a4e5b3d6be61ed23806cc275a9e78e75950c7fcb0f5f25d946cf6afdc1f6a
28,videos/sample_28.mp4,photos/sample_28.mp4.png,7c604e84c4621e8c969272020de76d7aa9465c33e872742a886e19ea3f46e886
29,videos/sample_29.mp4,photos/sample_29.mp4.png,fa1f5bb2d98522887a0bd74de0ccae1863fdddb34bac939aefc689a9f794404d
30,videos/sample_30.mp4,photos/sample_30.mp4.png,03b227334f934553e80518e649ae791480b9863cf8a2485bb6a2431bbd501877
31,videos/sample_31.mp4,photos/sample_31.mp4.png,c10b8429f42d47350326aa76c4f06c17104c89551c7816b894e6ed88846d80e5
32,videos/sample_32.mp4,photos/sample_32.mp4.png,6f8fa7bd2eb42d883ba2fb7a57b27e50a90b53853d5854a71008ba52457b9faa
33,videos/sample_33.mp4,photos/sample_33.mp4.png,c52bb0e6af5233c4767bdc1bf0c78bbf24ec6d8a7e536e4a153f06a71c8551e5
34,videos/sample_34.mp4,photos/sample_34.mp4.png,9d690f0fd53119ec170814978bf9d929b3bcbdf96613b9f256d824383f1607c1
35,videos/sample_35.mp4,photos/sample_35.mp4.png,8805953fa585718947549ff88a14aaa6814219bf4b41289842d7a22dab984d6b
36,videos/sample_36.mp4,photos/sample_36.mp4.png,4fff94149e9d4c6fc1673743565e95836a531ca3f5234dfb189085554a0b519a
37,videos/sample_37.mp4,photos/sample_37.mp4.png,9ad37b4af5574120ccb1223d2e2b46294ccaee42eb2ec0b3dd89c90c28eeca4f
38,videos/sample_38.mp4,photos/sample_38.mp4.png,56b911f319c70f6ebda0d6b5949ab5465362a8eb9058bedc8adeeb7b43544bca
39,videos/sample_39.mp4,photos/sample_39.mp4.png,6dd5740d9ccb6a8dcfc62797be39550c266aafa7a263e27891c07349b8eeed63
40,videos/sample_40.mp4,photos/sample_40.mp4.png,fa0ba4117eed88d220970a1ee5004e6b4ba1768aa622ce5f6a5329f0519ba10d
41,videos/sample_41.mp4,photos/sample_41.mp4.png,4d7b1bf8abfd7de2be84a8bf64986d91bddea1993b94631c2f745928b5afd8f3
42,videos/sample_42.mp4,photos/sample_42.mp4.png,19fe39ad5509dbdec10604fc5441fbd6837dae86cd2b9d7145d5cd589630728a
43,videos/sample_43.mp4,photos/sample_43.mp4.png,4337647a6cd66e6afe923e39118f82e7b088b24b5b772f9640bfcd75f94ef0cf
44,videos/sample_44.mp4,photos/sample_44.mp4.png,a765203d6058e2a1c867cae6e6964fb9c7036f618a9b7d3e211e000fa160de79
45,videos/sample_45.mp4,photos/sample_45.mp4.png,7d9768479bc83006718890469c57f00fb4e6a008a696d0aad173570e9a1f839c
46,videos/sample_46.mp4,photos/sample_46.mp4.png,37e442fc799a5e0944cef84fde067c88e5266866650d4fdaf223b79ee068fa1e
47,videos/sample_47.mp4,photos/sample_47.mp4.png,72d11efa37feaf376f0928058f42b4bdd546cdb439f599aba766bbef31391af0
48,videos/sample_48.mp4,photos/sample_48.mp4.png,2766adc90536410762f6c0a75e91eace0f0c6872400131a420667243b58873c6
49,videos/sample_49.mp4,photos/sample_49.mp4.png,24de1748041808f72a2b1db73a983c16e968681197d1056ae85efbc1b2bc7872
50,videos/sample_50.mp4,photos/sample_50.mp4.png,38e37108ccce052dd74a88a670d7fa2a1ca8fcbd7bf483a7f7ff9a0de09f2266
51,videos/sample_51.mp4,photos/sample_51.mp4.png,c06fa62fe8835ff5b8fa4e15958adc61bf30a2c1315ef79eda94f4a2b1127296
52,videos/sample_52.mp4,photos/sample_52.mp4.png,a039302663907f11a0d32a607320e8c945717fff35c3cfe8210010dd7ce80c95
53,videos/sample_53.mp4,photos/sample_53.mp4.png,f38098e34cfacdc1d13a9a2cf3c9a211f5df39aba7117e4c3f3b89b8a8ddffa9
54,videos/sample_54.mp4,photos/sample_54.mp4.png,9e90c4fb519438d6d18b1199dd4e288977f44b216872e3a54eed7e5bfe180704
55,videos/sample_55.mp4,photos/sample_55.mp4.png,8f0712ddc3ecb07b1d36dd5a8b92d6d89572d8537cf5832d6eca8fc78b567610
56,videos/sample_56.mp4,photos/sample_56.mp4.png,0af6df3a24f2bd7ad84d76500caafddff319e9f1fb4da1b71d27709f8b5c9c72
57,videos/sample_57.mp4,photos/sample_57.mp4.png,a4c68c6573cdd425d1fa3209599b06e0b2546a79fb0ad8d1d19bdcfe37c19313
58,videos/sample_58.mp4,photos/sample_58.mp4.png,2b5f2227c8b9bbecbdc71fb194eec934992ef9a2f830cdba1400a8de11b8054d
59,videos/sample_59.mp4,photos/sample_59.mp4.png,5e3df6edc832383ae30505a7484c7beedd5b7884f704eeb8fd5b363aec57410a
60,videos/sample_60.mp4,photos/sample_60.mp4.png,c18c9e30065b288d10329408a04261cf270580069ff53b6836b2b27bf7a006af
61,videos/sample_61.mp4,photos/sample_61.mp4.png,e22e369d5bf2e1700dffe0a15f824a0d7ab4ed209d86c1ee952b15e799ff8244
62,videos/sample_62.mp4,photos/sample_62.mp4.png,d29960c8e93882d0f8651be00880303e920fc430b0525ecfdc6a4c916f0340b6
63,videos/sample_63.mp4,photos/sample_63.mp4.png,ccaf64159fd42ec127c51b1f85a9ee7d8dfaa39779bcf169ebf5a09f28960914
64,videos/sample_64.mp4,photos/sample_64.mp4.png,0c90746a820195e403935680279c2997ae0d90a8e79fe64db171f8543505b141
65,videos/sample_65.mp4,photos/sample_65.mp4.png,dfe10000d2c03d12d743a507153e5787f95b663b1e4f2236432cd3390639a584
66,videos/sample_66.mp4,photos/sample_66.mp4.png,ab5e290c6a2eaec0810ca3ec7ee6450892822eebaafe5eaba1cd1023fbb10668
67,videos/sample_67.mp4,photos/sample_67.mp4.png,e1994b5b71a286a1e1644d09a491dcdb8d93a28a0b739fce2d8c533fbb6054ba
68,videos/sample_68.mp4,photos/sample_68.mp4.png,6c0ea2224a7642551e3ea613af93f6377b4ea645effcc568db471cf401e12585
69,videos/sample_69.mp4,photos/sample_69.mp4.png,cb40e7f7e6a63a6d7bb5f7c6da9713788eb324a6069eb69462385ed1b7b05070
70,videos/sample_70.mp4,photos/sample_70.mp4.png,8a4d49e9f1106f6c04614d9765c9e95718020940ac3cc06805cc5f57911f989e
71,videos/sample_71.mp4,photos/sample_71.mp4.png,54749dc908fcf3044ddf0f46951a64a8d6f751590f7ef81496a3d21909619222
72,videos/sample_72.mp4,photos/sample_72.mp4.png,411441b26d9c1a2b5e9a5c5a71da03acc90fcf3fcead94d892aab3da0292de33
73,videos/sample_73.mp4,photos/sample_73.mp4.png,29f16410ff52a72d320c67d56cdcf421cc46d555f04fed963f036e782f1b2ad4
74,videos/sample_74.mp4,photos/sample_74.mp4.png,ed729b036d8ceeb925f7cdd0fc1962e9ed83985c4394af0f58967aac0644f4a1
75,videos/sample_75.mp4,photos/sample_75.mp4.png,0a832c709651a2089a576a623af863373017c441e0af1c53e2e0d9ab74141179
76,videos/sample_76.mp4,photos/sample_76.mp4.png,faaf4670ab9cc71706129c03ae404ae59f1419306c7b13b2b8b88d9c981ed11d
77,videos/sample_77.mp4,photos/sample_77.mp4.png,88e05aadb7fadc2509f4f76e91d61725b88bf00ce92c11f915ae3278289fb2da
78,videos/sample_78.mp4,photos/sample_78.mp4.png,cc4653e8e58dded3b1592a034eb64e21f4d690f42d09b1b98e1182cfe2911913
79,videos/sample_79.mp4,photos/sample_79.mp4.png,2fdc772bbedf40a7f82768d49f08115ac1f96c1e25d28ec09eac6bb567e47171
80,videos/sample_80.mp4,photos/sample_80.mp4.png,f3c0e34f789c99c14ffe1d4f173a624cc0a6744450584c0830e210dc7d0bdf36
81,videos/sample_81.mp4,photos/sample_81.mp4.png,791d19d1a63415ae2887c8bad6a672eb99840b7a0ea939fb14bc0eb9d0e3f007
82,videos/sample_82.mp4,photos/sample_82.mp4.png,a1bd9fca23fd842d8b8909976622270d36425878a2e0c0790c58cae391bc58f8
83,videos/sample_83.mp4,photos/sample_83.mp4.png,cf6606693ae355fe4a4d877f962c8c037450a02cb40b8f980433f9e91975a517
84,videos/sample_84.mp4,photos/sample_84.mp4.png,eda90e8cd225c1d5084d1ce25e988b91ffa319200fb47bebf22f33b5688081be
85,videos/sample_85.mp4,photos/sample_85.mp4.png,eb8162ba85b14b6a7c5e3931b0db61468011fdf7c642d857374f5a647436533b
86,videos/sample_86.mp4,photos/sample_86.mp4.png,6b28b3ef7604471d681054bb294549c05b7afd8727dc8b870cffb0d2bdae9a3f
87,videos/sample_87.mp4,photos/sample_87.mp4.png,f209927c98d29a849c2d37e34df8c8321945fe744182cb8cd09ec4ff149f77a3
88,videos/sample_88.mp4,photos/sample_88.mp4.png,e72168dacbce367701fc0d6ba5f7e4acfb77f1fa7549758d7d9e7317baa26521
89,videos/sample_89.mp4,photos/sample_89.mp4.png,aa94dd715150d019c8fb1e1f4de82d212f5afd31fa442fea6c81c4ea95f030f0
90,videos/sample_90.mp4,photos/sample_90.mp4.png,8be9a8b55a0ee413fdeebb75e391d90cb8ea6f6feccfa1f84008b90ca46af1ce
91,videos/sample_91.mp4,photos/sample_91.mp4.png,f712aa6d1ff6b8b3f32f7d7bf740751bae6afc23b5c817d7e48d2cc8cddbaa60
92,videos/sample_92.mp4,photos/sample_92.mp4.png,adf1778d799cd62835390381e16362887145ccccef8bd2266c99fd2dda51e1ef
93,videos/sample_93.mp4,photos/sample_93.mp4.png,7ea5d6a6a39ffecc429a1b1f879a0882dc560c82e1c73c387fd2fd4e4ff2813c
94,videos/sample_94.mp4,photos/sample_94.mp4.png,d3f37eb4d3f2b9417102ca804c665f9a6913b7eed4ba8f4627b7c692c0550725
95,videos/sample_95.mp4,photos/sample_95.mp4.png,6026f3c3fcb91f639964f39b96876d9dc45fc35e680c9e56f64be5d4634be7f9
96,videos/sample_96.mp4,photos/sample_96.mp4.png,0f1a9507d92b0b56239c400906af0def1a9ddf9a1b47a62665ff876bab1b323b
97,videos/sample_97.mp4,photos/sample_97.mp4.png,abbda05f649686e636123a5f3a0cb5e02f65870f38f3c12871b75775d0614bee
98,videos/sample_98.mp4,photos/sample_98.mp4.png,7b4ae611a7a573c8b373828c5cd10cae8e057693fe7286126d4fce2c83e7b3e1
99,videos/sample_99.mp4,photos/sample_99.mp4.png,111f366cf84168b9b71e63eafae5ee755f0dea72929250d94a9a4088aa68e2e0
100,videos/sample_100.mp4,photos/sample_100.mp4.png,210425681b5829857d77cb96a6aa10537a5629a69c0331dd9df5d22bd64e3d2d
101,videos/sample_101.mp4,photos/sample_101.mp4.png,92ad0d9b6fe7c10f38bfb4c705f1e0ad41b3a2908bba500b57c032db00725290
102,videos/sample_102.mp4,photos/sample_102.mp4.png,c9355acfc14fe3961aa11a3557f5e122c33c0a11236e839a5ea3e834873e551a
103,videos/sample_103.mp4,photos/sample_103.mp4.png,75bffb275a3e7cd4b323cf7b7883bf7c401bdf3d0934658af83a9a9460070c86
104,videos/sample_104.mp4,photos/sample_104.mp4.png,e20f57c34320982967bc80439a9ab7d8f9a4d25e9dd9ea0ba1698c95b62d2033
105,videos/sample_105.mp4,photos/sample_105.mp4.png,e6eb16211eabb1a2144ea166b997ced3a819ccb16b7d5d5711924ca5708142c1
106,videos/sample_106.mp4,photos/sample_106.mp4.png,d9232389dfadb488db5757a25dbe45e90a6db230cb3f8775013544985eec09f7
107,videos/sample_107.mp4,photos/sample_107.mp4.png,7cff76df15b0482d3effd26b2f80e1a16db0ed9617b361b831cd545db8d76518
108,videos/sample_108.mp4,photos/sample_108.mp4.png,fc3e7e28182f7a09ff0ef881e8b7fbb0e512bf4d9cd6725f2bf1ff1bb21a4dc8
109,videos/sample_109.mp4,photos/sample_109.mp4.png,dc7f8d8701818d076ffc2c47a143ce9f60f39fc2ccc0a479d00bfdd3cd4e8b6d
110,videos/sample_110.mp4,photos/sample_110.mp4.png,f0c7c3858ff7bc4e4226f7a288789a53df77ccda2b379bb9125927e8b24ecb80
111,videos/sample_111.mp4,photos/sample_111.mp4.png,ae48cdd26e4d26c929d487a2c6d3cb855647efcd61e3edb1a82ca29369b01777
112,videos/sample_112.mp4,photos/sample_112.mp4.png,26ed60e1f44ae1c45ecc797d242956aecf54664ed451cceaafbb065ab0299606
113,videos/sample_113.mp4,photos/sample_113.mp4.png,17a838719a3b2b685dd791b8e451a19e29740f98a6272e29885027fa307411fe
114,videos/sample_114.mp4,photos/sample_114.mp4.png,b718b2b60eeea721c052c9550e1cdbb4b24ac50fec3dffd966b33a4a2dec2eae
115,videos/sample_115.mp4,photos/sample_115.mp4.png,92f9b53e8593dfd713ee79a7676f3c771b026d61d6bcfb6b301b41110d9a361e
116,videos/sample_116.mp4,photos/sample_116.mp4.png,a7e20f63125803e095946ccbacd5d556ed8c68d0a5d7375fad521b2ee13fdaef
117,videos/sample_117.mp4,photos/sample_117.mp4.png,15b647949efb3c091c0d4ce18f42bc9b85861a46df0dedf98c1aab3a76615c83
118,videos/sample_118.mp4,photos/sample_118.mp4.png,c9bc8bc1b65d09d3e70c7d6db31e3c11677522d21e0be652086869185d9c65db
119,videos/sample_119.mp4,photos/sample_119.mp4.png,dcc22f7797a1b9fafc1ff0d140bc59b9700ba39d4455a269dc72b2af6380f82c
120,videos/sample_120.mp4,photos/sample_120.mp4.png,aada3a6c8deeb68a200f951cdf15ecd8d4c22dc185c069588e6a1c54485b158c
121,videos/sample_121.mp4,photos/sample_121.mp4.png,22b5720c635c248f787ad8099e1d3fb8f16e08d7f4a241fa6bc1a5eba3bdee33
122,videos/sample_122.mp4,photos/sample_122.mp4.png,4a11011a0e70382f7e41504465f959cef0bc9ee5dca17da5177d93119bf77c94
123,videos/sample_123.mp4,photos/sample_123.mp4.png,97a3dc4d9e67683f028cd2fe29f3ed6ffcf46ec1f82517c46eb2721511c4ad51
124,videos/sample_124.mp4,photos/sample_124.mp4.png,68c492ed57611c2896e6abc7a36a071337734c78f0dad2b86dcdaaad180a8148
125,videos/sample_125.mp4,photos/sample_125.mp4.png,0c5e20ebc62e102bf6284704be480e711cfdc49d228f8f1fe2c55aa674fc346d
126,videos/sample_126.mp4,photos/sample_126.mp4.png,69f72614747759d3e25e4f05796a5e0ac5978a8bb4e3676c8db0fc401a45c210
127,videos/sample_127.mp4,photos/sample_127.mp4.png,9cfdbb2d2ffbd1bd4f26d13cec9114f4431ca00f90a7610a2a28b642e3cad84e
128,videos/sample_128.mp4,photos/sample_128.mp4.png,ac32e4e0c564c273a4f1e1001df59cbfcd670a41d471e23d830b358a960856e4
129,videos/sample_129.mp4,photos/sample_129.mp4.png,e69652f1e90272c0d47b4160112c7af0c4c2f157ea1d0b887e20fad608ba0f94
130,videos/sample_130.mp4,photos/sample_130.mp4.png,d5ee7b93353ce49e9d91170e99d6fe2584aa1980479036deafe67ff977dd2c39
131,videos/sample_131.mp4,photos/sample_131.mp4.png,a4613e9fd11394a7571d57c193dee344f2e0935b2e406ce443a409851463c8d9
132,videos/sample_132.mp4,photos/sample_132.mp4.png,e1f36db0f63f49483c2c93032bccae1c41626893bb5cc8d20bc6dc08f9195a5e
133,videos/sample_133.mp4,photos/sample_133.mp4.png,ff4a8b6812043539ed4e6aa37d1547be88397db32f41f239f701feee873f87cd
134,videos/sample_134.mp4,photos/sample_134.mp4.png,1c6b037a01cf79286a8dc409edc4288dd16d732c309a527d140c4ea646783674
135,videos/sample_135.mp4,photos/sample_135.mp4.png,5f7101f2757173eddf0f3cd1e7728d8ab727db0b4d0d518c62eb94600ab0838d
136,videos/sample_136.mp4,photos/sample_136.mp4.png,db7991d168fcb85370acbaf9d12d4b2e0a50702df60fea452bbc52ee6dbba0c4
137,videos/sample_137.mp4,photos/sample_137.mp4.png,7f138ab9c200b8d637a3fced8d775a081f96c8d6f65995c54d8488ae0a3b7a79
138,videos/sample_138.mp4,photos/sample_138.mp4.png,9440ce400c66e536903bb5a60c510942034600041db7f683301085e9e6f84fb7
139,videos/sample_139.mp4,photos/sample_139.mp4.png,acaaac94227766f5471096566d692c616d394b1089e27b788c69fe8fc4880a5b
140,videos/sample_140.mp4,photos/sample_140.mp4.png,96f197390a6c636ef9573782408b5d4fdd4bf1f62d894410764c1adab849dc42
141,videos/sample_141.mp4,photos/sample_141.mp4.png,cc08cfb7903375f3f74d289539f6d33f15b56ba055328fe59eecba4f6eaf4b63
142,videos/sample_142.mp4,photos/sample_142.mp4.png,cd70a42bcf111c7e58e39b67c4297d3dfd6124bbb75882e20f436b280b5133fb
143,videos/sample_143.mp4,photos/sample_143.mp4.png,581b1611c7a0d2a3051bc5db8110d0234064e23953924da1a3372d1b216e8752
144,videos/sample_144.mp4,photos/sample_144.mp4.png,3d7d236c33fb73afe5a5de156ff1fe93cbe4733c8449cd60b8b36a7af10a9e1d
145,videos/sample_145.mp4,photos/sample_145.mp4.png,2d10e0390fdc76d0d116019ed2473da0dbcc52e0ca7fcb8b18f52c9986c20048
146,videos/sample_146.mp4,photos/sample_146.mp4.png,ef278ff27ac8979fb1e681e14ca6a7f5f662d20336cdf59a11049250eb1cb22d
147,videos/sample_147.mp4,photos/sample_147.mp4.png,f8ca69888f57919f3fc797e13c652763500b5172e16b1154e5c19f24e1f15ad6
148,videos/sample_148.mp4,photos/sample_148.mp4.png,d187ddf982132a2da57e008bd57ec623da8495d1d77e4dab1992f6dbb6c0e248
149,videos/sample_149.mp4,photos/sample_149.mp4.png,3a9639130ecddd4420efaa6ba85b3b081c65e5d3494f2524da5776497971004a
150,videos/sample_150.mp4,photos/sample_150.mp4.png,32bd93f5721a1c5d928c39fb7b2e7b9efff9dff5c931a1b5743b98ca34be3af8
151,videos/sample_151.mp4,photos/sample_151.mp4.png,4433c69792fac62126dba6a843496ba37b343b0ce6c8b9b229cf18dec5ef8cb9
152,videos/sample_152.mp4,photos/sample_152.mp4.png,beaa7ad84146b485e415fcca78128851ff82bc4b9fb9b7a795ac2ce978176c57
153,videos/sample_153.mp4,photos/sample_153.mp4.png,d331e440aaa225827e24d5d1038187a59348e35807d48255337e45eef32c8242
154,videos/sample_154.mp4,photos/sample_154.mp4.png,3c5818e44fb93641177adcd54ce0f1914658633bd18441d832fa718ce6cb073e
155,videos/sample_155.mp4,photos/sample_155.mp4.png,5994e118dae2653ab4bb7eed840e58c0f26216177cedfb65e086b8564e8aa05d
156,videos/sample_156.mp4,photos/sample_156.mp4.png,cb3640abe65c510326e176184e079fc43414a371b9a1477fed487adc1b23896e
157,videos/sample_157.mp4,photos/sample_157.mp4.png,310122534bb79e08565c96b2658fbc6cd64e4dce811bf97f05002e76a94ab6c0
158,videos/sample_158.mp4,photos/sample_158.mp4.png,959f5ac7724aaf0d4311082b892ddaab71822834f7cc7abb361d85841d0e1f4c
159,videos/sample_159.mp4,photos/sample_159.mp4.png,8db694e1309ab9a0a3a44fc44059f815f2c0da9608955b2c5fd707375bf00def
160,videos/sample_160.mp4,photos/sample_160.mp4.png,4ed549493e3532e050559c3be5685f7beed2dc534d7ce0709689a832601f353b
161,videos/sample_161.mp4,photos/sample_161.mp4.png,67f96d786288aec7457f547d08e8d59948d3b0ffe74e118c51115fc132426a6c
162,videos/sample_162.mp4,photos/sample_162.mp4.png,e6f1f3c0122ee6fedeeda2b819aabeefed1b4ee2f36edc5875cfd2c014477887
163,videos/sample_163.mp4,photos/sample_163.mp4.png,f2104115c98db86ea331402b999d6f99b56922df11aac1b7023c0a084da1f805
164,videos/sample_164.mp4,photos/sample_164.mp4.png,a9eeff09847ed061432ffc732b861d317e33e080fc1f4215423449c68c1aa170
165,videos/sample_165.mp4,photos/sample_165.mp4.png,2f6e28b8f8ce005cd36afc97ddc2dc94b121dfee09dbcdf63a0185534af67351
166,videos/sample_166.mp4,photos/sample_166.mp4.png,27a537aa76594e4ae1367dafe621b92f3dd7d28a4b5a133bb3307c090de08792
167,videos/sample_167.mp4,photos/sample_167.mp4.png,726cc5395adaafefcdd667651ffd6bad06142552ab9d8c31730053e2e56d760f
168,videos/sample_168.mp4,photos/sample_168.mp4.png,f78989102107d5e6cd239902700cfb91afcf7de73a5ef415649a5e0909c4dfd8
169,videos/sample_169.mp4,photos/sample_169.mp4.png,240701275e679bd754e2634e5a6f10a1e5d5e8410f3477bfe4fc6581edb92fad
170,videos/sample_170.mp4,photos/sample_170.mp4.png,147a45faaebf6beda5a4401ae1e9ae6271771ed1a177e9329e46ab251aa99321
171,videos/sample_171.mp4,photos/sample_171.mp4.png,031327d75b97700113a3ccdaf339d036b6387e19fe551862f3b8fa6e9441a696
172,videos/sample_172.mp4,photos/sample_172.mp4.png,1e4b55dd51cb812accec8e6c0c982a859fb93a7a49eeeedd13ff8f6209afafef
173,videos/sample_173.mp4,photos/sample_173.mp4.png,613b09eab6035f31db42dcd8d52fda7606957663606d0ab6e3a027d3ec44a227
174,videos/sample_174.mp4,photos/sample_174.mp4.png,8b87354cc75438841041f5aba3ae56c97e1b5d10f822307358da86287fa944da
175,videos/sample_175.mp4,photos/sample_175.mp4.png,24a914bcde1da33ca54c3de8edecbd43415c501ec3ca269f0b7a97e029241fd8
176,videos/sample_176.mp4,photos/sample_176.mp4.png,8a6fa94abbf1d80b234b92e62907b751f0ba23b50a667d719ba7626b91f1d957
177,videos/sample_177.mp4,photos/sample_177.mp4.png,a868e67ba7de5cad5c5cd680bf4b0bd9508488ead9f7dc7513df55dd5424f478
178,videos/sample_178.mp4,photos/sample_178.mp4.png,6e3bdaae197141fb9b2589d08f4a7ba33ba25c07f2b90e9944e98d0efd2f7773
179,videos/sample_179.mp4,photos/sample_179.mp4.png,28be73e6f60365e2fd358b3204139e8578e095404d4ace947d520bd04d00e8a3
180,videos/sample_180.mp4,photos/sample_180.mp4.png,19314f3be05a9a914c7f3fbde07b1535614e327d9a4304c6553bcfa73710d9a5
181,videos/sample_181.mp4,photos/sample_181.mp4.png,7dbe6aac256c7beb92a91aaaef8151e10c063811798c0072fafa550540e9dd20
182,videos/sample_182.mp4,photos/sample_182.mp4.png,a116264d6e31f8dae965b4969e654479ec1fa94c4627130388a85b23320b1a43
183,videos/sample_183.mp4,photos/sample_183.mp4.png,9c6a3e3fa2a6adc5b25b97af890c96a415661450da469b7a4b6915a38691f8be
184,videos/sample_184.mp4,photos/sample_184.mp4.png,a16a431cead90c98b46268b38befef7812aaf62b45bc9f3278798dcd8c30bdcb
185,videos/sample_185.mp4,photos/sample_185.mp4.png,476ad19b09af6228d59e46f892c2cdd3c018a30270d9f78961d1e38edf2ba7c4
186,videos/sample_186.mp4,photos/sample_186.mp4.png,2c1a098f7fe2049b6f4ac9180d62822c243abc894f13382c94d7b4a17646460f
187,videos/sample_187.mp4,photos/sample_187.mp4.png,9f06e39dce0858be69bccb185a009e4246d17a5a9038a9ccfd0a2569f2321a67
188,videos/sample_188.mp4,photos/sample_188.mp4.png,880bfe5acaf4b1b81fcf3af3e0a7c218a4e1db2583090f09bbf9f6413b64f11c
189,videos/sample_189.mp4,photos/sample_189.mp4.png,e1d44dda494e0b91b23fb833240d969265ca458e79777c81ce8643f44c40097c
190,videos/sample_190.mp4,photos/sample_190.mp4.png,4ba22b869a971ef6b28513623d5f763206a8cb59c105e3d9ab0be8e006469b98
191,videos/sample_191.mp4,photos/sample_191.mp4.png,eaceaef121394fef36282614729c9a19574720583cff913a9cacd06266b40ee9
192,videos/sample_192.mp4,photos/sample_192.mp4.png,d05d7add8402da115da5ee265ffd3de870570aa494680208e848f889527dcdf8
193,videos/sample_193.mp4,photos/sample_193.mp4.png,c49e499415d951f79b3e5079e39aca015039dd0bbb87ba93721b9318dd7492b8
194,videos/sample_194.mp4,photos/sample_194.mp4.png,6a12d85732daef9f7b63d24aef4211497c32d5f2f38ce7a0baa5a8daa39d6d68
195,videos/sample_195.mp4,photos/sample_195.mp4.png,55b409a5631e433e4f181d578d683eb04c8a4c581473cd9e09a3ab4b97d4bfa4
196,videos/sample_196.mp4,photos/sample_196.mp4.png,37eb9605ebcfe28e6341d131006d92cf5c1f5634f38fbaeba06c81463839fe96
197,videos/sample_197.mp4,photos/sample_197.mp4.png,5e514ec0f8653e14b1b7a2f7194059046251a26ccba4d815d1e5ad76b47d0572
198,videos/sample_198.mp4,photos/sample_198.mp4.png,8ef7ac83320dad0a0753980edaa369423995b694b165b3106fd559c20d046912
199,videos/sample_199.mp4,photos/sample_199.mp4.png,b6926de8499c2de1eee3d01c629c0ed2bbaba0940d17c573fb5c3ade1ede9313
200,videos/sample_200.mp4,photos/sample_200.mp4.png,0a309fe7093f0e65928b0964873dc7ddc26240a4dd2e71104eee4ffe19f02429
201,videos/sample_201.mp4,photos/sample_201.mp4.png,ae77786bbbe69ca959b58bf271e79466f6c61d4c488a7f6582964a3ebf92d6ee
202,videos/sample_202.mp4,photos/sample_202.mp4.png,410c47ac10bc2101fb1ae4c280bf49cfcb9919ade11fdab7680bb6a56c52b1f7
203,videos/sample_203.mp4,photos/sample_203.mp4.png,46a0ba869a3430ba9a7573b8700b985cccc2ee7c02e55dbbb7522c6de5d8002b
204,videos/sample_204.mp4,photos/sample_204.mp4.png,3b5dfb66642c9ddf064a978282f93b1eb3106f3fbf6ee6f583cb1f45f02f4091
205,videos/sample_205.mp4,photos/sample_205.mp4.png,41e0e79af07fac24cdcb9a610284203993fb0c69c6b2732a7d7f0a9e2a845837
206,videos/sample_206.mp4,photos/sample_206.mp4.png,f15af05deb91823e8b153961861cc56234d5f8111d43d241ada812561bbf16f9
207,videos/sample_207.mp4,photos/sample_207.mp4.png,fcad38778669eb5c738937c313a2a61d42f9713272610f2d70395497ce14e55c
208,videos/sample_208.mp4,photos/sample_208.mp4.png,fa35b9eb73a4d9aa4099d7bcee1dce46920b1f47eb6b3ecab43d409df505a99c
209,videos/sample_209.mp4,photos/sample_209.mp4.png,42b05c6bd30d133b910fbbd6f435dc8d58739887579016b74daae8dd90c3ebf6
210,videos/sample_210.mp4,photos/sample_210.mp4.png,e82949da16474a5208bf1cfa03a65b3d0d2cdc1f6262c3f64822d7244a9d10f6
211,videos/sample_211.mp4,photos/sample_211.mp4.png,fa272f20ba279ccd01f1976d951d4282473e2087357a15ccf82d2b2a16adbe0c
212,videos/sample_212.mp4,photos/sample_212.mp4.png,f9deb49911900c0a9a42187e8f2846f21cd6bffc4d74a09f723102a09040556d
213,videos/sample_213.mp4,photos/sample_213.mp4.png,fbde18f4f97218715adaff60cce162cb721e6400cc8ec23b75e7ef254b953bf6
214,videos/sample_214.mp4,photos/sample_214.mp4.png,f9eb08b357a4c0b8b189d7342ef7fafac3913820f8193ac988658ee28e816d70
215,videos/sample_215.mp4,photos/sample_215.mp4.png,11b5a3db68494c337b508df1cbedd3539a03f65403d1c117b0c7aa9ba57e259d
216,videos/sample_216.mp4,photos/sample_216.mp4.png,e08de2e295246d8ba0e487c24e379ff88201e892f5e75eaf3f896a8961e30675
217,videos/sample_217.mp4,photos/sample_217.mp4.png,7eed15798a75e2a2f9ecacab3708829211f5c019d7f492a98d2827f3774c3042
218,videos/sample_218.mp4,photos/sample_218.mp4.png,3a4d0d0df18e27dd8893f118a32de4f7b98cbdcdb92be8a4dcfa6c1c6c3ccf88
219,videos/sample_219.mp4,photos/sample_219.mp4.png,f2663efd496b8fbd68efc0954a33175beab40817627f448a68c17880a4b69dbf
220,videos/sample_220.mp4,photos/sample_220.mp4.png,ea76bb087783e7464da5d4e077e21b9ab3c43013a07128681fa92b58890e8c5a
221,videos/sample_221.mp4,photos/sample_221.mp4.png,82838d26ee5faa0c78724a07493b86bb01590ddd0dba3c4143a72b68f4c85b11
222,videos/sample_222.mp4,photos/sample_222.mp4.png,cf46987c9d38f1aaf0187e88f3fa64476ba75e0f2ff23f9d101373dd323d2139
223,videos/sample_223.mp4,photos/sample_223.mp4.png,a319c18e9a42a47d2261b4541215989b9ab1f271b3ab833d35a90d64288a1695
224,videos/sample_224.mp4,photos/sample_224.mp4.png,8db96dca798dd20ae8d3da0e9020726d1abd5d268f8a3f06b3fe33d5490ba2bf
225,videos/sample_225.mp4,photos/sample_225.mp4.png,cc510a4dad5d39770b8c15fc7f138113a34a3920bb56591bd2974647fd7787ef
226,videos/sample_226.mp4,photos/sample_226.mp4.png,80a7256cc067320cc6a68078cbf5ce6d994ea57271b81f3d51ea0fb497d5ded3
227,videos/sample_227.mp4,photos/sample_227.mp4.png,6cf43a06f23c01ae1741126c82eb9fc3fb81c1fe2db9f03bd6a9b6f4d69e1333
228,videos/sample_228.mp4,photos/sample_228.mp4.png,59239184a16b4e967b7eec1bd37607a75fa0ec676834c62899da903324919ec3
229,videos/sample_229.mp4,photos/sample_229.mp4.png,65187b8a15c77a578eda1158e5143f43bec436a3af48bfa17ad2113253b286de
230,videos/sample_230.mp4,photos/sample_230.mp4.png,7b96301c09dee41efe970bdb9a479016f350ad9a4d99bc8263d3568ff79fffa6
231,videos/sample_231.mp4,photos/sample_231.mp4.png,ff9fcba44f78cf4d4a7488cd9285b6b5359de1c3d381018c42445fb1dcfeb878
232,videos/sample_232.mp4,photos/sample_232.mp4.png,4cfb25081e19bad0fc7d9a29be8a6d85eee2c8abffc125f1cbb89e615bb3ba0b
233,videos/sample_233.mp4,photos/sample_233.mp4.png,700a15dea77049d6579e1108ebfddee9282dd45a9f4bdaff0e88e80d2d7e2816
234,videos/sample_234.mp4,photos/sample_234.mp4.png,80c11a460ce19c65e9878c874311a61b3ebb469e05624c41e0c7bb3a3cfaecfd
235,videos/sample_235.mp4,photos/sample_235.mp4.png,5a7fc2394e347c4d52d34315152ca071eea2df1e00a6d2f5803bdf414384a9ce
236,videos/sample_236.mp4,photos/sample_236.mp4.png,2a5f2d6b8ec92a6fa6f02c585ba1fa546b6ba9fd35ac41bf0af0a19d6ef45567
237,videos/sample_237.mp4,photos/sample_237.mp4.png,52824f00848c01f3cf367c31c0f33ecf04ff8f032138a7540203ef4f441f48cc
238,videos/sample_238.mp4,photos/sample_238.mp4.png,67b2e493b6beca78327c923ad6cb15e2691c58f7ecc0131711339a4732f3db81
239,videos/sample_239.mp4,photos/sample_239.mp4.png,bf4b416dfa66490d0736779905bd04288c813e3f8302646b30c9a5a8f798efb3
240,videos/sample_240.mp4,photos/sample_240.mp4.png,9871bbe93fc04dbc05f55854ca0a3911f8e22f7385a3c4588cac8d53dbd12568
241,videos/sample_241.mp4,photos/sample_241.mp4.png,5b7577096fee648ce738e6785eafbd24ecaa2175fbdc1caf2aa9ff2d7261b584
242,videos/sample_242.mp4,photos/sample_242.mp4.png,900d2aeff72e22aa4648c9156597ee73f545819439a19757e4809b9a9c2cd30f
243,videos/sample_243.mp4,photos/sample_243.mp4.png,f98e76a2a6a3f1976c68684fc1908241b650dcba158c7143f7d51acdea2d9c6f
244,videos/sample_244.mp4,photos/sample_244.mp4.png,4631d81d54fefe6a6c2ae67e8e0f2c4e0dc05c1ba362be3d105b1034a69417da
245,videos/sample_245.mp4,photos/sample_245.mp4.png,a966b023a07703a29a55a28f24857cc326773422f047eb5b2a85c4f19eb92c99
246,videos/sample_246.mp4,photos/sample_246.mp4.png,c53162e925c37c5973d44ef738aa338d8e0cb7392babed598743901945cab30d
247,videos/sample_247.mp4,photos/sample_247.mp4.png,fdad566039b939a430f73baa3909e71cc8fe0ece05dfc20c12d8c3b5dd555d18
248,videos/sample_248.mp4,photos/sample_248.mp4.png,9373073b4ed471eb898299f825ccdd0bb3bac73046633cffeeec8d475e86561d
249,videos/sample_249.mp4,photos/sample_249.mp4.png,34a8c34e4c74075c6f63c867836a17a63ef581b7857e8021e3c8f125c4fa02f9
250,videos/sample_250.mp4,photos/sample_250.mp4.png,409ed577bbb2a7a6d3f6122db453e2535628f139736cfaee530ea7a9ca8284d3
251,videos/sample_251.mp4,photos/sample_251.mp4.png,b15473944acb29fa5e5560adec4295b1d22c7ef6704d8fec12ff3fbb99a90f71
252,videos/sample_252.mp4,photos/sample_252.mp4.png,92c11df637c866a7f562fa1dc16fe02e7c7ade27acda71d0c2f3425d3e0160a3
253,videos/sample_253.mp4,photos/sample_253.mp4.png,b831beed7df26924a5b59207efe096d3d4eec953820c5278401280dc9933cf0c
254,videos/sample_254.mp4,photos/sample_254.mp4.png,d4427b6fd2dc979dea5aa6972829795776f1e1dc85d6be6f48c1b969416354ef
255,videos/sample_255.mp4,photos/sample_255.mp4.png,0ba3595e4661403d36f0b3d000a7db3eb428d7f3255c01b7473b25d4ce59119d
256,videos/sample_256.mp4,photos/sample_256.mp4.png,07ddb83d4cbbcf7ef9440ef6677ca4ae8938ec6b3c1184646b9a93b01d1d4058
257,videos/sample_257.mp4,photos/sample_257.mp4.png,880ae4c7e58554ca9ee88556df0058c33b98eb9ecfc1a7a93fb088eb0d819ee1
258,videos/sample_258.mp4,photos/sample_258.mp4.png,25e2f214d4bd59da953926783d8088735e96ba8b14c1243b435a1df543c6b0a4
259,videos/sample_259.mp4,photos/sample_259.mp4.png,f386f731588d6b6a35965eb4b089e0b921c9fe3ad8b77e1624f617bf924da115
260,videos/sample_260.mp4,photos/sample_260.mp4.png,6d5c3eb5b38117d0db31386207aa1b790c8df026c12326c038d70937555da3e1
261,videos/sample_261.mp4,photos/sample_261.mp4.png,db8975642e05b0f4a4f625b80474f3bbde316214da7ef715cdcad101393b97b0
262,videos/sample_262.mp4,photos/sample_262.mp4.png,977a4ed6270f235b0996bed985de6b902286822b5b148c17a66d737a1bae375a
263,videos/sample_263.mp4,photos/sample_263.mp4.png,41e038f451d67164158295996610f7f4c64d4232e9bf29c6e68ddf539e857f8a
264,videos/sample_264.mp4,photos/sample_264.mp4.png,5048e2e1f1fd3a855d27fe59ef5dae77297eff6fb1b1b7d7fe6a6a9262852ad8
265,videos/sample_265.mp4,photos/sample_265.mp4.png,360df0ad6057bcbb2651f535e76d5c39fa26eb4f947aaddbc50b26d6d433a9dd
266,videos/sample_266.mp4,photos/sample_266.mp4.png,7fb714ff00d2da44d9b7d40a789bd0445be37d64edacfb9cbcfaafa6e735f17d
267,videos/sample_267.mp4,photos/sample_267.mp4.png,a1ea58881e47dc7116d937236ee5524869c5bfac7b319c4b59d60a6a59e6b918
268,videos/sample_268.mp4,photos/sample_268.mp4.png,16f6f54dd4faba9ee6068a5e45d585f6865df6bbbee6d4887d557c6c5ac3c50b
269,videos/sample_269.mp4,photos/sample_269.mp4.png,85990a4e5ecef21c49b082a4e4217f87771040743b94c828d8cc68116eada6ee
270,videos/sample_270.mp4,photos/sample_270.mp4.png,05e86811c0c4c9d65a5d679f6e55f769f3cffe0c5140468770374d41ed2081d8
271,videos/sample_271.mp4,photos/sample_271.mp4.png,6a1cfd95f2ee7272cd3ed6a6050e085e2b942189c87dbabb7f14da2a678302d8
272,videos/sample_272.mp4,photos/sample_272.mp4.png,84898624ff426ef04649ad4b2c8e522ce8249fcb28bb2b119f78db793af5f145
273,videos/sample_273.mp4,photos/sample_273.mp4.png,933e61607662d8b21a410a76f1ef4af18e30b6b2d44b0932a2c89eab0442090c
274,videos/sample_274.mp4,photos/sample_274.mp4.png,962df3c46c9345c41464ef9d1b96270786e17fb5864da6dca631305d61051e0e
275,videos/sample_275.mp4,photos/sample_275.mp4.png,f7b353e823c4174c56af04a06cf042c1e615cfe3515676370f0338388bcc8c25
276,videos/sample_276.mp4,photos/sample_276.mp4.png,96a31b563e0a49c4e107c2185108fa992796e87ae9bfa58d527f59161fc5a486
277,videos/sample_277.mp4,photos/sample_277.mp4.png,04b0d899a9f8cb43253e0ae0c88488141c8afea1140b33640de8fa15679ab814
278,videos/sample_278.mp4,photos/sample_278.mp4.png,082482319f73d2280a3adc38982d61be5a687e6a7312793d07c5e47bb23d4a17
279,videos/sample_279.mp4,photos/sample_279.mp4.png,1cf64b5caa8413f5526497125012ce0db811d785af5b5088d5fba75bbeb8566b
280,videos/sample_280.mp4,photos/sample_280.mp4.png,361b84c158b5aa67b5cf66bba20c64b705fcca2695e774845bec88ea8e4c103c
281,videos/sample_281.mp4,photos/sample_281.mp4.png,f066e409200d0afa0fffd752a7a24cebd68130b40d9a069efd807b65c8e8c4c4
282,videos/sample_282.mp4,photos/sample_282.mp4.png,069cfa121031c4a9f9cdac1f6b23af2a25267dcbfc5088d70b912cb378ef09cb
283,videos/sample_283.mp4,photos/sample_283.mp4.png,e8dd256e56c65ec410d9d1502b6fd48e47969bc39a0f87260c6f351b9e284084
284,videos/sample_284.mp4,photos/sample_284.mp4.png,de4eadd3fd3d65fe726c4e5552461bd48daa6c5ddbdb194a61398a81ac2b8c69
285,videos/sample_285.mp4,photos/sample_285.mp4.png,b150e78289238c2b5e1dbd66974955800173a0a8fc4ce38f3cd7bccb1be05c6b
286,videos/sample_286.mp4,photos/sample_286.mp4.png,7dcda149bc7d95f0c7e26bd1e293b5ad97fb3ad38710872595c6ad9974d960f3
287,videos/sample_287.mp4,photos/sample_287.mp4.png,8de71711c6deac7bc6f47d8db3163aa136db714d7328b37402b7ae8887e3cc4d
288,videos/sample_288.mp4,photos/sample_288.mp4.png,3ad06cbff8a0659d95bf0ba6c91ce6b25ccc2732941a770dd27b4e1e8120f7e1
289,videos/sample_289.mp4,photos/sample_289.mp4.png,af53a4873ee37c9aa6f08d844ebe378bf0e966996b47c2f71837631ad065597d
290,videos/sample_290.mp4,photos/sample_290.mp4.png,0fa61cad593847d502a87d248132fa0f6b64c44464d9ba98845829abbd34ebc5
291,videos/sample_291.mp4,photos/sample_291.mp4.png,7185aafa3ec9736eb801426c7e7715b040d245e7bd791ec958a1400767440e90
292,videos/sample_292.mp4,photos/sample_292.mp4.png,c03d59f848c68692286c6cfff9c639a145c7e814b2aad35278df96d85bf345bc
293,videos/sample_293.mp4,photos/sample_293.mp4.png,76fca1f7933ad5b2278f2d75dd2cbc4fee8448f714ea14668575d17e8ed687fe
294,videos/sample_294.mp4,photos/sample_294.mp4.png,c55f1e0de76dfab6454e51237e77b39026d5a8d553daf688251cfd02b82b0afa
295,videos/sample_295.mp4,photos/sample_295.mp4.png,d9e055c4e1afd39ea759582f9ecf60b8297fdc56576e2dec6aab6db0f5d125a6
296,videos/sample_296.mp4,photos/sample_296.mp4.png,a36d885873d46e80e992edfae4cbaa2c43fb835be04bde8f2e8363da0591ed36
297,videos/sample_297.mp4,photos/sample_297.mp4.png,d06e028b672280760738a9dc778f3cbec282552abd90d8a6c285fd90b1c34ee1
298,videos/sample_298.mp4,photos/sample_298.mp4.png,b26eaf4485b5cefdeb5ae0475efb55bbc3194b52e7b9908ae63a175404f841f3
299,videos/sample_299.mp4,photos/sample_299.mp4.png,6d2d3c23c56343c8cdb2816b1a589fd4f45f5b2f4ac357c00a47d9395c1edf92
300,videos/sample_300.mp4,photos/sample_300.mp4.png,7e2fccddaf07ed771a1ffcce320a9eb0346f03b9583748bf2671aeab84d2fb5e
301,videos/sample_301.mp4,photos/sample_301.mp4.png,2f9eccd8a069d19207d2cb9e32f01ae3f2736fdc098846cd9c0c305e49a4ce60
302,videos/sample_302.mp4,photos/sample_302.mp4.png,b8e158c712c9251c5ec9ca741deca063251ca7c2d9cb091a8e707e06ff6923b5
303,videos/sample_303.mp4,photos/sample_303.mp4.png,79fbf5c7c4cda6a64a04011f815ffea85c31738426b9913709f9e5eecd5115ec
304,videos/sample_304.mp4,photos/sample_304.mp4.png,53d526509fda1149db4b1e5a2508ad8bbd6fbed8ae701bb1bf3cee43eff39096
305,videos/sample_305.mp4,photos/sample_305.mp4.png,074cf2157990e66718f5c1f24f3ff72ccde0e44f3e7a3b9b2212470dbf0377dc
306,videos/sample_306.mp4,photos/sample_306.mp4.png,3b14855ce8e1e75e66cecd809773995b30329ae7f80ac1b94e34a4de499fd085
307,videos/sample_307.mp4,photos/sample_307.mp4.png,66279934202335d67461bd15cdf1fb8d11d3f3a25dea12da24ba1e8e991e914c
308,videos/sample_308.mp4,photos/sample_308.mp4.png,11c6002fe361558783e31ddeae88470a16b50a37f23f1785bdd8af0cb09a526c
309,videos/sample_309.mp4,photos/sample_309.mp4.png,3fb922349babb5b49503226951ec4a743d549c4533bdda013390973295d84c72
310,videos/sample_310.mp4,photos/sample_310.mp4.png,7c6b46b479472ac579352212f2146c464d79ec1472abeaf818ecf45e7513caa1
311,videos/sample_311.mp4,photos/sample_311.mp4.png,b8b43357dae952519cfe442ed59f72e8679aa6ab6b6438c6a3d5362366cde1c5
312,videos/sample_312.mp4,photos/sample_312.mp4.png,197dc96d99b68c4ca3377eca93013f95b6a4bfc50d58963d306d05aa711dda16
313,videos/sample_313.mp4,photos/sample_313.mp4.png,f47519c69e871ff8e459f0c7410558d36043fc91bb1e713301e2626d94fd5cba
314,videos/sample_314.mp4,photos/sample_314.mp4.png,8473a517c97a18a287a2ed9beb0a5f5c80ce40b3f3dfe0cf5dc8250ec4668e40
315,videos/sample_315.mp4,photos/sample_315.mp4.png,4b350a2941efdaeb705232a39e22562b7589b4bc7ba0cf4791fbbd2d0c92ab8c
316,videos/sample_316.mp4,photos/sample_316.mp4.png,b34e63c4dddc4898c96f2529f31f030eb2156a755d28b7357cd84c341224afa1
317,videos/sample_317.mp4,photos/sample_317.mp4.png,6c44297937c6b62cb357174dcaa95519fc3b7f7872d30a0ef9ada22d28706b8f
318,videos/sample_318.mp4,photos/sample_318.mp4.png,2ab70ca7b3634f215e5c56bde0f4b7cc6b7cfc3cd6758624bea8379d9d39684f
319,videos/sample_319.mp4,photos/sample_319.mp4.png,e063a35eeb355e0aa5d5e2857c744fc006d3250664030deeffb4fc0e41229d72
320,videos/sample_320.mp4,photos/sample_320.mp4.png,1e7265dcdfe894a17a76dc820027b7ff5db0d8ef749a8b14dcb79ddb67485486
321,videos/sample_321.mp4,photos/sample_321.mp4.png,74bf26250533d559f73672036392eceb344c5a4ed5f452a5557f1302b240719b
322,videos/sample_322.mp4,photos/sample_322.mp4.png,9efb674b82c1d1b70691710d4aecf5341dc1962be193a1d5bce99f163826667e
323,videos/sample_323.mp4,photos/sample_323.mp4.png,ea50181ce15a3ed1fd243687a1ad36feeb7f0e27675a5532163b7c547dbf976d
324,videos/sample_324.mp4,photos/sample_324.mp4.png,00aadd092f5a361efb21abd2197e27fbc2a41e3c14efd7d4878ec02808916063
325,videos/sample_325.mp4,photos/sample_325.mp4.png,9b143b79376573cdb77e9a524cd801a948bcc71be400314229fa0ba3021ac9de
326,videos/sample_326.mp4,photos/sample_326.mp4.png,4479432357b7263425433ad8662aeb51902f6b56e3d8ae906d7ea976f9b6e71b
327,videos/sample_327.mp4,photos/sample_327.mp4.png,6a1a35dd100b88f74f7a700d6ab27b34eaae67816cf389eac820128144967844
328,videos/sample_328.mp4,photos/sample_328.mp4.png,d5f9fea8d9285eee7e5745ea3022ea11cbae909f9393a8bb1514465fe1e8e094
329,videos/sample_329.mp4,photos/sample_329.mp4.png,105d138caa1832ad62b151f357cc2c9b8ab8205f67171842c30c23bee46c20e0
330,videos/sample_330.mp4,photos/sample_330.mp4.png,12725de6cb5c3d419d9692f5c6a6727c4cd974e80aa5a14854b40922f58a677d
331,videos/sample_331.mp4,photos/sample_331.mp4.png,a2596c161a7730145e305117d62881ae21738289bb36c0b8d1d0e34a8a5cec0d
332,videos/sample_332.mp4,photos/sample_332.mp4.png,46237d3700249bdb23a5b147d3ff530ac3e2937daa9fa8241fc13fe85f4f6119
333,videos/sample_333.mp4,photos/sample_333.mp4.png,ae2e3d081f4e4084c5c7b2841d73b620a5dba13dbead12309a4700d2ace0c9df
334,videos/sample_334.mp4,photos/sample_334.mp4.png,49950ed2f0ace07dd8296ca179745ffb172a39ac87b18219c72052e588ddba60
335,videos/sample_335.mp4,photos/sample_335.mp4.png,92d5f62aeb078483b67ebb860d0c020cc82d35a7e9eb85df2ff4fe04f2ba25db
336,videos/sample_336.mp4,photos/sample_336.mp4.png,3a532265a6973f1399a8bf8b4e5d8a70c626ec1e523dda31accb01b1499f6d2c
337,videos/sample_337.mp4,photos/sample_337.mp4.png,6e131807a2d20218e993459a85f4fd395835b50c0ec3f11e36f6e4fb5847292b
338,videos/sample_338.mp4,photos/sample_338.mp4.png,94b0bc4948031c9e09698e0dfeb1e30485e2d34c6cb804feabec73e142b68700
339,videos/sample_339.mp4,photos/sample_339.mp4.png,ae614776a31d75d4af683bf2cf53fbd14f3cafdc9a49210f47d39a6b1a8a3684
340,videos/sample_340.mp4,photos/sample_340.mp4.png,e369dfa2959bb7a91c51bb79f802a7dc68eff48f0d4e0c3901ae93421fcb8b98
341,videos/sample_341.mp4,photos/sample_341.mp4.png,7dec1bb78d7f186740e6bc576da782f9c2a2bdc82cc5f5dc9bb2b25f7bd5e138
342,videos/sample_342.mp4,photos/sample_342.mp4.png,a25a1f1838b720ad732e0095903bba1e274a6c1674f03af629584511cfc3c5a2
343,videos/sample_343.mp4,photos/sample_343.mp4.png,97ec4623ed8f2df45080f9a209b685708efa9cd160656df18cbdca5039ab4387
344,videos/sample_344.mp4,photos/sample_344.mp4.png,85b7fffcf1bef21daa9bafd389a43779beb50b47c1c427157ced5e1afd58fcb6
345,videos/sample_345.mp4,photos/sample_345.mp4.png,f5658c009621066651e2dc0f465d23117040f5283b14ab8369f7088ab4ca5a45
346,videos/sample_346.mp4,photos/sample_346.mp4.png,a9bff4f77153e4654cfde4ad22b6d3916286fa60df5720b129067b0a2b244752
347,videos/sample_347.mp4,photos/sample_347.mp4.png,d4924e7d0e23e0163542e50930fdddf54d40c1821d63ee64a2390e7a1bd37d64
348,videos/sample_348.mp4,photos/sample_348.mp4.png,4ee079aeb5ebf5fb60f19304a02091b91edef2a770df126d52e51375c99159ca
349,videos/sample_349.mp4,photos/sample_349.mp4.png,7370b013d7c79767914118afaca99c79b53e369aa6a22560f5f574d4c13d58ac
350,videos/sample_350.mp4,photos/sample_350.mp4.png,ede8d56c26c4b5f1f8647152c9c7b8caf9e032a826043438747ca2dcc47e0414
351,videos/sample_351.mp4,photos/sample_351.mp4.png,17990dab05947c3bc6ad01d0ef445c99af1c264fa7edb61698fbe3a3f29e1b3a
352,videos/sample_352.mp4,photos/sample_352.mp4.png,48dea480fec0abee185c5167618394b9810932f908a91750270ea15c6fd49bb2
353,videos/sample_353.mp4,photos/sample_353.mp4.png,9ac62b338b84d3c001c3123b62dddcc62b10807fbbdf3aebb2de5d2c80be0fc3
354,videos/sample_354.mp4,photos/sample_354.mp4.png,aa519df0c818c87881cb5160ff3b0bc2913f0c38232db3e5bf71275379a67f8d
355,videos/sample_355.mp4,photos/sample_355.mp4.png,103c132f780eaacb9e3e041774c4410a76931472c8c5b1c6f7e1c43370dde91f
356,videos/sample_356.mp4,photos/sample_356.mp4.png,3e3d7fdcb3c04349f4ec629de521f7af70ddd87b83afc58b6ba73223a2dfcedf
357,videos/sample_357.mp4,photos/sample_357.mp4.png,c8fceffc6517ddf7f3130fc7104ca2f7f871731fdf36a44b09f1a4c99497efa6
358,videos/sample_358.mp4,photos/sample_358.mp4.png,310cddb3077a62399bdff795828227691b389fe598b20a13b44e67c1717f0a9b
359,videos/sample_359.mp4,photos/sample_359.mp4.png,c5ef46497a65b27f53ef8d0b5c76a979031c8a05a287dcc6b75e9c18c2d56ecb
360,videos/sample_360.mp4,photos/sample_360.mp4.png,91a428b483c3a4faeba400cce2dae0b5a578f9505da5b5e9450713b5c7cdb56c
361,videos/sample_361.mp4,photos/sample_361.mp4.png,ccb5203e720ffcdc67c90c287f65d83758f2c06b2cc2e8d051e8fa24535618eb
362,videos/sample_362.mp4,photos/sample_362.mp4.png,c95ee1496203b3db59ec79228f22232c949ea8c74344813794fe7f8c96832cd8
363,videos/sample_363.mp4,photos/sample_363.mp4.png,1f605a2702f20457cb0470f7eb4ece66b1b9c93f053f3d20846063972a52efd8
364,videos/sample_364.mp4,photos/sample_364.mp4.png,a27453f13b2d895d86b7af7206d0bfa70115097510307c0addcb06c4f13f7a5e
365,videos/sample_365.mp4,photos/sample_365.mp4.png,ba94b76b8028396bd78218a86862739d2ae61bbbc86f998142562839537c4d3d
366,videos/sample_366.mp4,photos/sample_366.mp4.png,313f8bd795f73b41074f4aeb5283031d216cdf0046ba292de0599734e1608da8
367,videos/sample_367.mp4,photos/sample_367.mp4.png,6ac24f5e1887939c0a06e4c1f9b10fc3d885c90033ef92262a72025c81e69ba2
368,videos/sample_368.mp4,photos/sample_368.mp4.png,5622836082bcfec10f0984c37d208ca2a0904895e5babe17411ae078f2d363df
369,videos/sample_369.mp4,photos/sample_369.mp4.png,1f36e2d71f6fd1862a0d45a6410eb611de425ec6eaf008b67119ec03b9242c20
370,videos/sample_370.mp4,photos/sample_370.mp4.png,616e143a9389f45365b0d524a58a9e062163ea222389ddd26c4e3b2b07f6be02
371,videos/sample_371.mp4,photos/sample_371.mp4.png,230ccfc4b313c4e20ce7054094323f0fa58ba344e6710b30ba355287849bcef2
372,videos/sample_372.mp4,photos/sample_372.mp4.png,0f103de5e1c140bcece938e37504a558e51a54260c20e1ab94a47d3001fd2b52
373,videos/sample_373.mp4,photos/sample_373.mp4.png,cc38e9f91f2eae087e5396fb9b9ea7f65c0babcb98d82f5190ba289a0cd4f59b
374,videos/sample_374.mp4,photos/sample_374.mp4.png,fc50cbb28766a3531d796d21c68187dc760e3f00cc364e4c734cb263f361e6ea
375,videos/sample_375.mp4,photos/sample_375.mp4.png,ddf761c2e9d3f2aa14e834c3f88c8010a1a4bf4d6a4c742e6e3425708103548a
376,videos/sample_376.mp4,photos/sample_376.mp4.png,363c7c5ef9f8a2a3952cab9d7ea883e65a60fc6ea81325f9fb05868ecc507a9a
377,videos/sample_377.mp4,photos/sample_377.mp4.png,0cbb5b5ef16b5cff28345036a239211d1d1b8cb5ee56da14502df4bf2fdcce65
378,videos/sample_378.mp4,photos/sample_378.mp4.png,7666dbc440854a18e16d162bdb3a9e0ba7a2019bb0f34ea2698e9d6def8d67ff
379,videos/sample_379.mp4,photos/sample_379.mp4.png,9345f7e36b5c1eb97330bcf6be5271b1ac171fa19f98c078f69415fd651f4c35
380,videos/sample_380.mp4,photos/sample_380.mp4.png,f587ee05efc97bd57aace7b5049d59c1581caf166da20db4235f83db0600ba25
381,videos/sample_381.mp4,photos/sample_381.mp4.png,5a6aaf0cf628e34744b69321288b80a477d228b63f9be0403f17efaab7be55fc
382,videos/sample_382.mp4,photos/sample_382.mp4.png,4193bb16f97799f7dd0f7a695438dcdb1ef1045f50a7f8f9ff51e6a7ef051a25
383,videos/sample_383.mp4,photos/sample_383.mp4.png,65f74cf33403b806ce02114782224f81925aae52d9c34fd2f46a3ec9bf2a3dcb
384,videos/sample_384.mp4,photos/sample_384.mp4.png,6b45e6a4d0e1cceacdbefa4cb5e10d7f03366540be1045162d64f8fa165df845
385,videos/sample_385.mp4,photos/sample_385.mp4.png,a3565b45b54a564b11094b7c06c43c3f33c235d8e5fa499973d81b0bed7dbde7
386,videos/sample_386.mp4,photos/sample_386.mp4.png,a88e7f1d291be70fea905037074a232886f9b66fc6df2ca1b4cbf8ec1b4d6e66
387,videos/sample_387.mp4,photos/sample_387.mp4.png,14d113204cc18bf3cd781e3495053c65b35a389074f6ed00df73330882e98b56
388,videos/sample_388.mp4,photos/sample_388.mp4.png,b79a9d67262d324363c802c6dba88e5a4e22adc777e7b6b39dbc5675e72523f5
389,videos/sample_389.mp4,photos/sample_389.mp4.png,9aa89f30883717275888d5edd9e1f6ec43d5940c81fa39227c269597049386c0
390,videos/sample_390.mp4,photos/sample_390.mp4.png,51bd38aa54df57c831dfae33c01a058cc8938064d1173dc0fb1ea2f04c314ec5
391,videos/sample_391.mp4,photos/sample_391.mp4.png,1b26c82516de3c07c165708165d9051a48097d7651653d897d9310c1c1a103cd
392,videos/sample_392.mp4,photos/sample_392.mp4.png,47626f9e5161f948dd10ec5ede23fe21e3adae1db969ccf93bd319c53ef931c2
393,videos/sample_393.mp4,photos/sample_393.mp4.png,537db5213c4cbfa05126d0c724e9543fb79603fe10fe8ec888947170db4ac145
394,videos/sample_394.mp4,photos/sample_394.mp4.png,51851c8faa2de2485bb5191b188e510f3963a17853523c6cb976704a65a6cd03
395,videos/sample_395.mp4,photos/sample_395.mp4.png,10337656e68ffe0395225316b63bc54f5dccefb01e95963aaec226068a2734ac
396,videos/sample_396.mp4,photos/sample_396.mp4.png,62e1d4d28d2d7f5bbb298276d412e4b55d6d8cfacc4e47116ed49187e13aa968
397,videos/sample_397.mp4,photos/sample_397.mp4.png,ffe453eb1acb4ac64a70f6b6ef020c0a376db01bf2d09b057ed740e796dec37a
398,videos/sample_398.mp4,photos/sample_398.mp4.png,22c83338bc8d3a14907f22f17ee1e1cd4dd4f2f56027aff18200c9b3f391debe
399,videos/sample_399.mp4,photos/sample_399.mp4.png,28532b13bab2dcd4a15f38a96ce3ce8c41aa10596296c5f82f4b5006807ce75c
400,videos/sample_400.mp4,photos/sample_400.mp4.png,0565449fccef1a87e02d706c931039c1bcaeb07b65e3d609a4cd66f8d47119a8
401,videos/sample_401.mp4,photos/sample_401.mp4.png,e65b60ef344cb7c964e42c6b92173d36082ec962efabc6245c3c70f2101e2344
402,videos/sample_402.mp4,photos/sample_402.mp4.png,9e4ffae78a17974be7b5a9dd8add96433b8bbde97fb4d27093a3b66736800b69
403,videos/sample_403.mp4,photos/sample_403.mp4.png,dca02869e132c0e753269838efc984a024c8b0aa6f60d2bed748d05813f07fd6
404,videos/sample_404.mp4,photos/sample_404.mp4.png,21442b390c3c2b4a2452f37c9dfdbeb381fbb2b5ce933a022e361c4f922ac866
405,videos/sample_405.mp4,photos/sample_405.mp4.png,96d81ba4bb7edf4feeacc7c04b5a9d8c0e50790527832ed1318fb43868f0c617
406,videos/sample_406.mp4,photos/sample_406.mp4.png,c4ab0bf3685758c0cb323b5bd6a270c44068f64f8bcded2c7512f5833971c645
407,videos/sample_407.mp4,photos/sample_407.mp4.png,6096d948c47eb55dc54383cc8d8617de8f872f056a3ff93afaab49c6e736406c
408,videos/sample_408.mp4,photos/sample_408.mp4.png,3ecf275d7ff0b535b74d2e9d80d7f634e20e4106b49f2b5b61b77281ac6d5616
409,videos/sample_409.mp4,photos/sample_409.mp4.png,55a4fa75560a0f40c87d97feb10c3e3f3627ddf47e95ae7a6dd13d1f19a55b60
410,videos/sample_410.mp4,photos/sample_410.mp4.png,879ef308e88f8f039bb2582aac1ca6ef2061c528cc538c007b60c8a6e6055a0b
411,videos/sample_411.mp4,photos/sample_411.mp4.png,1d75ce19d4edf9ea812e986cef43e8ae43e8fbea864466879f99aaa207bc5caa
412,videos/sample_412.mp4,photos/sample_412.mp4.png,bbc18f44fcae28b5c69cda16de1f219ced4eaecc6db522985227df94bfcc4ae3
413,videos/sample_413.mp4,photos/sample_413.mp4.png,0f98155e07e2aaf99e153c3280527e3df963e6f9b74d2956cf19002ba019f82c
414,videos/sample_414.mp4,photos/sample_414.mp4.png,c52891a143da18733f07f6a0ca135cad402a1507a726d76accbd1215987fa700
415,videos/sample_415.mp4,photos/sample_415.mp4.png,102b9464504b0004a490d226ec2539bb041a5da23336d0c4c0d94baf3c537636
416,videos/sample_416.mp4,photos/sample_416.mp4.png,dea4e12c342b5c6d53dde34afd0805f98922d77721c22db35a62f46ccd574cfa
417,videos/sample_417.mp4,photos/sample_417.mp4.png,d32d2aa9633385f52a1af1e14b6380dd69026c2e82e1be2f25783c369ef3a58f
418,videos/sample_418.mp4,photos/sample_418.mp4.png,6b3d5a915b0969514115179541a1fbbf103d448df2194409fedd391af0cd8687
419,videos/sample_419.mp4,photos/sample_419.mp4.png,379f90a8253bebedc097c9acecc050f1a1850ea84d6a1c4f92c87c68ea980afd
420,videos/sample_420.mp4,photos/sample_420.mp4.png,9652053b6b438dd7132da2c779db9b745b342c4329ca97db009955c6807926fb
421,videos/sample_421.mp4,photos/sample_421.mp4.png,97436dac27f5276346d74f1dfff74a755cae6986fd97b74bf1ea837d926c5f08
422,videos/sample_422.mp4,photos/sample_422.mp4.png,486a060dee7189186e611125ae66ab06589cf43e6344207d5c9e2ae03e033d69
423,videos/sample_423.mp4,photos/sample_423.mp4.png,1d7aad6b47e625716be2fabe9076a1fcfd3042c970f078edf7a7b597851cab0b
424,videos/sample_424.mp4,photos/sample_424.mp4.png,d7005ce10de18ac0b2b7549b6a514410eb7780e616e1538bb4fb9996c87bdd2b
425,videos/sample_425.mp4,photos/sample_425.mp4.png,798fad33bc7ff1f073c75b0e1c9e5becc043eef1f13e077c71ecaa0acb47be4c
426,videos/sample_426.mp4,photos/sample_426.mp4.png,61371dfcf934fb0383bdd25ffb2399bcbfcec63fe0ec75c928bf189be565a6bf
427,videos/sample_427.mp4,photos/sample_427.mp4.png,539a260070c307204e57230f018852166189243002c24afb6832bab466d2b4c0
428,videos/sample_428.mp4,photos/sample_428.mp4.png,3c7c03b7489270bd8a28ec9dcca14c3e9e4f108014cd189c9365d6721a1ab503
429,videos/sample_429.mp4,photos/sample_429.mp4.png,b189f8b110d22e37bf6861dbc7853716d6478e044fbfe573db048595f34379c8
430,videos/sample_430.mp4,photos/sample_430.mp4.png,5cd9cb2763197cdab528a4b087e0cef7688a7ba107c0e3d1b96474939aaa4f85
431,videos/sample_431.mp4,photos/sample_431.mp4.png,24ec4eca145d6caa31ea7b9d609706f78e82ee689976c7be8e80524b493be2e3
432,videos/sample_432.mp4,photos/sample_432.mp4.png,1df3e286b9d84309e890519abfd46158126c74299bcf7d40481de0c07e0f537e
433,videos/sample_433.mp4,photos/sample_433.mp4.png,87118563a284d92abf217635bb1baa9c0a4cae67f1d1d851d5a288e7f5159861
434,videos/sample_434.mp4,photos/sample_434.mp4.png,005bd92040645b155bd3acd8d8a8ee6df9975b33b66bc47e6f3f430e8d814c3c
435,videos/sample_435.mp4,photos/sample_435.mp4.png,05f7a7d842257d66f289aeb0c4c74df14df622865a1b3933ac70fa21fb0f0d7f
436,videos/sample_436.mp4,photos/sample_436.mp4.png,d86897a980980263f95051d04e4915b62162980c5d76292b1affc3083cafc5c7
437,videos/sample_437.mp4,photos/sample_437.mp4.png,fcc8899800c505bde63c658a6339d6130a865b8ba8faa74d2136900f5b8aead3
438,videos/sample_438.mp4,photos/sample_438.mp4.png,93adb73127e8662a2aae22fcf00f03f955d2e428ed185c5022a614b2450d9114
439,videos/sample_439.mp4,photos/sample_439.mp4.png,4f124f0e84628b3e2f914e0c267320a1fd9a43abdd569e42edfdc4afc34fcdd9
440,videos/sample_440.mp4,photos/sample_440.mp4.png,b44a4c166e3f5f65526f75d9ad4edb76b3786e3cdd7a2d3da76b8e25d3398c22
441,videos/sample_441.mp4,photos/sample_441.mp4.png,f44836072d0fa24b104c245bd622e327b775640d6ffd9be0df8fb76638f5a5ac
442,videos/sample_442.mp4,photos/sample_442.mp4.png,87d6892d355ba58f813b4ad500c2a905e2bab83f056f933c424033decc5a6bcc
443,videos/sample_443.mp4,photos/sample_443.mp4.png,4c8db746008d2264d31a359bf113fd2ac4cbca03475fab10c50a26a9cf3b26c5
444,videos/sample_444.mp4,photos/sample_444.mp4.png,504ccea422705eb9699da9ebf224f5c41bbdb70efd0d4e8bef53cdce5f4427de
445,videos/sample_445.mp4,photos/sample_445.mp4.png,1696cfca727119fe28e3a2a4dcb6fba61c9223259cdfe56a663f2e60f5f2f174
446,videos/sample_446.mp4,photos/sample_446.mp4.png,06d15543b3b69c80f96a9a3c5ae36fba0b40dda534d45644bc697d5c64307129
447,videos/sample_447.mp4,photos/sample_447.mp4.png,c67cf81d3e9fa3408e8d4934c0e23600fd82ba6e010892cb8c9dcc777e2d010b
448,videos/sample_448.mp4,photos/sample_448.mp4.png,a17fcdaf2214275e7227f85cf064cacce636edc2fa35555658867aa630fd4e73
449,videos/sample_449.mp4,photos/sample_449.mp4.png,5e75e3101a1a81ee143ce8700f85f71a04e9191660539ff91e536b3042205868
450,videos/sample_450.mp4,photos/sample_450.mp4.png,df70beadb34104f1caef08f64d1140175f63200f093d56a5229ce468e78390ff
451,videos/sample_451.mp4,photos/sample_451.mp4.png,7d1c53a95e140b41ae6e7c23f72ef2386f59cc9cfb2546c1eea214a4ab4cb3cd
452,videos/sample_452.mp4,photos/sample_452.mp4.png,3a61c90206ce3e1d9e2df5e80dd8db43b781a9b798f21220f0245999df361562
453,videos/sample_453.mp4,photos/sample_453.mp4.png,339fe22a4dc8a1f3fc9ba7f86a3f98ed49fa9aa86f702c8072de86490a0120de
454,videos/sample_454.mp4,photos/sample_454.mp4.png,2f2d28c63f410ffcc16623f408dd8d471ea5bdd39299bb98f3df10d613ac334d
455,videos/sample_455.mp4,photos/sample_455.mp4.png,8ddecc789de234ce3f8fb93bd37a72931a5950f869ff673cf9c1ff2ca5ee0b6a
456,videos/sample_456.mp4,photos/sample_456.mp4.png,e5c2f94be0585e19a2c05cac095b6e7d455f3a9afcf6cea6cd3ac1dcf2b8a166
457,videos/sample_457.mp4,photos/sample_457.mp4.png,f54b221c9629090f6e33e3ef509b80d311b7d5f2e723c485a85774c53204122e
458,videos/sample_458.mp4,photos/sample_458.mp4.png,d46b134934df6e0a90537e5f7fbb884e9cf45286cf140726239297c7c3ef7bbe
459,videos/sample_459.mp4,photos/sample_459.mp4.png,9fed5f10e2579037b2f9ade699de8cd08467c2afb6f2d1b26b6d113c8e2f1c58
460,videos/sample_460.mp4,photos/sample_460.mp4.png,c6e48574a3cb0fa4dac9f83d122a862c25d8a575407c035ab66f478fa8dc718a
461,videos/sample_461.mp4,photos/sample_461.mp4.png,9eed2482b4d4ef3679f1266427f1e7501907e21ed6ac0c841fa566bf010ba622
462,videos/sample_462.mp4,photos/sample_462.mp4.png,e77fcf46655868b7bd7c8a7bb2c74f5dd7bb36be2b93b17124b6aa00d5266e08
463,videos/sample_463.mp4,photos/sample_463.mp4.png,ae6d2fa10e2af3f72916dc50a6bb0fc6b704c5efbd86e3c5d6821dc0968e8c0b
464,videos/sample_464.mp4,photos/sample_464.mp4.png,978b070a08873468a958cdbb3474fef71b42fafb3bdcbd03694c3b071d5446a7
465,videos/sample_465.mp4,photos/sample_465.mp4.png,a87040691411efc29d559681c92a1812582171c5fa624a1256010101c7743e62
466,videos/sample_466.mp4,photos/sample_466.mp4.png,f3b29f59483377b11e062e7a58657b0d6bbc079b0f40d8c233343d2b24fef519
467,videos/sample_467.mp4,photos/sample_467.mp4.png,28fd28558ea9ad7d87cf9faa20f03da5685e0b0838ebde48b14516f3917020b8
468,videos/sample_468.mp4,photos/sample_468.mp4.png,23f937c40f994a9344ea7dde660c1282a5416dad24751f5a52b602225f4871b4
469,videos/sample_469.mp4,photos/sample_469.mp4.png,8bdd2aa13990c47da7769a969ecda646b71eb67e9b65ed8afbfbe5a6eba38922
470,videos/sample_470.mp4,photos/sample_470.mp4.png,9b04e4e694555de49f47b928905e8cdb7957205cd4e1dca77621ad586d20a2a5
471,videos/sample_471.mp4,photos/sample_471.mp4.png,69e3bcb9ad2a02981f15a47424cf0434d7adc8fe1b91dfe503f015d7171706f7
472,videos/sample_472.mp4,photos/sample_472.mp4.png,c7d32c5b8523d08aa3011d973dba07dd5507ad5d934ff2e7c32c6abd906bc786
473,videos/sample_473.mp4,photos/sample_473.mp4.png,1e2557b1c9031e8361da87b8e84e66b803f1dc4c9db714ca830ba85a2cb0571c
474,videos/sample_474.mp4,photos/sample_474.mp4.png,2b8eb26c4c8323792afb1e284e3a4f7cd4cca81a89e2fb0bf5cee4f0e59ad2f9
475,videos/sample_475.mp4,photos/sample_475.mp4.png,dc511f17ed0aaaa34479455c347634177a0373bff6770375b3b6253e92d75e73
476,videos/sample_476.mp4,photos/sample_476.mp4.png,a83bd0bb2a008db491aeef5f4e0b74da8653c9d3d388834066c7c5f0fe297df1
477,videos/sample_477.mp4,photos/sample_477.mp4.png,bdbe1dac101a690bb99a31520d656763fdb0cb30d90b6b2b368c8eb6f235c798
478,videos/sample_478.mp4,photos/sample_478.mp4.png,50e2cdefa99e75ed7b37cb5a5fe695f09c4d6a92027be342adb59a8b27b7e75a
479,videos/sample_479.mp4,photos/sample_479.mp4.png,246c76a7f5a0ad685e32033a7bdedc11ea1fa1dce2a4bb7a76606701bd9f2b9b
480,videos/sample_480.mp4,photos/sample_480.mp4.png,0876f4a6b4940bcee7909c8e7ba9152ce24a63b3d7cabb76a24b5e654e628c44
481,videos/sample_481.mp4,photos/sample_481.mp4.png,deec5c703d97dec84115201adbf4058ce808e8de679deccb965ba464e9152056
482,videos/sample_482.mp4,photos/sample_482.mp4.png,2b68c55af98d47128fd1830e6a58a3cd88eb1355103321f103912a5449ca2916
483,videos/sample_483.mp4,photos/sample_483.mp4.png,95d99332992e33c7476c0cbc58535214edde7750db8855afea8e34ec172d22fe
484,videos/sample_484.mp4,photos/sample_484.mp4.png,77a5aac0f462ad3edc1167020b144af32dc12e8ab606fdba3cecb458005d9cba
485,videos/sample_485.mp4,photos/sample_485.mp4.png,41c4eb786af6f760a33297702fb67a0036996108be6ec86385a938c516d2510d
486,videos/sample_486.mp4,photos/sample_486.mp4.png,45ab2399bf1befe611a22580430444d2e768ba2cf65ed371a0bd85f5542b7070
487,videos/sample_487.mp4,photos/sample_487.mp4.png,285c225b09fcb59d12d4c8062a5fa26a2b200701100b4da53f34858100a66153
488,videos/sample_488.mp4,photos/sample_488.mp4.png,f7014cab507fd2e9f2f3dcb6c70f5ce12b9453302a061bf5b26e458cf94461b0
489,videos/sample_489.mp4,photos/sample_489.mp4.png,2179c0ad39079c7a15b65c79b5487525b78b8ef951ccf5389f370251fcb509c0
490,videos/sample_490.mp4,photos/sample_490.mp4.png,7a763c9a88fd68e5da867da4cb2865be1a76334c1796dfc5d67243d250f3cc8f
491,videos/sample_491.mp4,photos/sample_491.mp4.png,468bf25c82448f7cf709df177eb5265af44a5d1a6c7773f9c9a2c80d720d0196
492,videos/sample_492.mp4,photos/sample_492.mp4.png,15018d4580c951a2f8e96fbc11e2196a501241ff9023cf7bd459c50d1793cb2a
493,videos/sample_493.mp4,photos/sample_493.mp4.png,3e92389b34f9678f1463cbb19e7ecfd2f4f799cde05bf7c6d5a083d68cbe1490
494,videos/sample_494.mp4,photos/sample_494.mp4.png,f01928bb8bdd44500892722975cdafc49cdba78aaaec730a44ab409681edbd79
495,videos/sample_495.mp4,photos/sample_495.mp4.png,3180b519d35088a1936d08ecde8476985074eccc45039622ad8dce224940cc0a
496,videos/sample_496.mp4,photos/sample_496.mp4.png,b0379e338cc911a61306cdd4be7da03c0834339805e4ac7ccc2ee43fe175bb98
497,videos/sample_497.mp4,photos/sample_497.mp4.png,069b3441265faa299c5386555d2da985b5f6af34ef23ff13eeadab1e47c03348
498,videos/sample_498.mp4,photos/sample_498.mp4.png,685126b9df2fb1c9df427d4c7052ac91ac372613b6d454ea9012fc243dda80a3
499,videos/sample_499.mp4,photos/sample_499.mp4.png,4b1f265bd7efb6c0efd370804890d9856d7f32debeebf77de5ccaf7b32449884
500,videos/sample_500.mp4,photos/sample_500.mp4.png,50e75e9e3169e5bf9b5d4759100da4e992c96cef46cc1151f2b5634838d356be
501,videos/sample_501.mp4,photos/sample_501.mp4.png,2474bc7a42cbb6ca46a7dccfec305f42cd4103e88b5f28f7dceafc11262241c7
502,videos/sample_502.mp4,photos/sample_502.mp4.png,8803d4d3d7a978aaed34449a21afe553c0720708fe66887550892b5e7afef976
503,videos/sample_503.mp4,photos/sample_503.mp4.png,4ab39a48b4d8d193cead5f72c491175288d8670965ed559a759d391b4b79bb89
504,videos/sample_504.mp4,photos/sample_504.mp4.png,0b0b0402d443f5b711980b6940c8ee03800f004f22342ab6e82bfacdb68fce79
505,videos/sample_505.mp4,photos/sample_505.mp4.png,e3a5bb12eb870a7e056e280cfb83fd6a8c5831e4939d002ccc4273b7fec2ff6e
506,videos/sample_506.mp4,photos/sample_506.mp4.png,44390a492881097413413dbd92cca80fae08217fe97f7bb4b33c382c8dccb568
507,videos/sample_507.mp4,photos/sample_507.mp4.png,13bc463c94e3c7b0da933bf8dedbe186cf791c8c3ac946e67bf6fd8eab634460
508,videos/sample_508.mp4,photos/sample_508.mp4.png,1d7ce4a2e8b829f3cf8f45a9cc319ef0d647909272146172906a29afa26c91ca
509,videos/sample_509.mp4,photos/sample_509.mp4.png,4212c4516977414f21a57a3f91c06eaf16b1b3361ebf4132a2815cd99fd444c9
510,videos/sample_510.mp4,photos/sample_510.mp4.png,431c7f473676b0ca26563548edfffa6d02d124464d97c7b166d5f3817e0c2768
511,videos/sample_511.mp4,photos/sample_511.mp4.png,1ea47726c3a61b6643759f7d739acbfc53932206a5087f4cf02102cf642987ff
512,videos/sample_512.mp4,photos/sample_512.mp4.png,755561793149709024d380f202b1d26657a346a049c96045c18645c5b95de42b
513,videos/sample_513.mp4,photos/sample_513.mp4.png,73ef828cb527b3cf49f67de2146cc8bee3c616bd2ced9bc1f81622ed9f133e4d
514,videos/sample_514.mp4,photos/sample_514.mp4.png,0a6f11530773e46f72d4bcb875435a3506e368f8cc3f19d28310454bca49b843
515,videos/sample_515.mp4,photos/sample_515.mp4.png,83ee688d002d265d581c544edac00da399b6ed164fffb7717bf4905193a2a239
516,videos/sample_516.mp4,photos/sample_516.mp4.png,d87bf6ad5e97964a01a36fb9c0e4554750971fd929c46a89e37421da70120bbb
517,videos/sample_517.mp4,photos/sample_517.mp4.png,ed6b21c215c163f0cb2c7d5fe293deb7a2196e4fc7e719434a8ac7c61152893a
518,videos/sample_518.mp4,photos/sample_518.mp4.png,d47ed6cb4f992b306257beadc0bf87e569fa1775aa81cc717bfde72fdc8affab
519,videos/sample_519.mp4,photos/sample_519.mp4.png,0e59ff6f7dbe39edeb57ec7af854d344edd1ed560710d5165026bfe532303af4
520,videos/sample_520.mp4,photos/sample_520.mp4.png,62fc38d98853216323984366c5a6bb1022be200365765c6ef96adb286a98c954
521,videos/sample_521.mp4,photos/sample_521.mp4.png,ba49313e63803b32055d307591f034fa98e6b9bf4f930f4829a2d1a0cd4bd477
522,videos/sample_522.mp4,photos/sample_522.mp4.png,8f583f661d4c3bb415c73916d47a61247098104d25c4dd4e1b2d3d0e94a072d6
523,videos/sample_523.mp4,photos/sample_523.mp4.png,e5647e971193036094a8a165bccbb7be2525b99a99c5214efb69dd32844a1841
524,videos/sample_524.mp4,photos/sample_524.mp4.png,dfbf1b40578e24df509f7e0465427fe72857c7f799c6c59d4242acfa69c601df
525,videos/sample_525.mp4,photos/sample_525.mp4.png,5557f3a1adef1a764870db3ed42389e9b2e27a894b7ab46f1c1f3787eadfce19
526,videos/sample_526.mp4,photos/sample_526.mp4.png,94b440aa81484352208e20d9e44bc1526039ef936c0b463a45af775ea1620bf6
527,videos/sample_527.mp4,photos/sample_527.mp4.png,22c59c32c7ebc3384557f9b3d3f512e434252e9e7d3c6ec41cef3311888321ff
528,videos/sample_528.mp4,photos/sample_528.mp4.png,51daf41792b8b19e5ada0f01e7b95ea340e443c4fa1d1f930be1b453e6fa1af2
529,videos/sample_529.mp4,photos/sample_529.mp4.png,d666742852364aa9e5d04f122bae1a52ef42a67cb1106c7b8825b12c1e94a918
530,videos/sample_530.mp4,photos/sample_530.mp4.png,3c10a68a1a17aa0eb1053df36595ddd23f837c830d11872f65a9e7c28b38ead1
531,videos/sample_531.mp4,photos/sample_531.mp4.png,13b5572ddbd345c12efeed733ebc8545b6a3846f9b72d1de1a4da420c64da6ef
532,videos/sample_532.mp4,photos/sample_532.mp4.png,a6fdbd3d92ef1db726e1f09cc512d7a5659aa537a07b5da72270dfe107ebffc4
533,videos/sample_533.mp4,photos/sample_533.mp4.png,7e825195a496ec229a0a1a2e3ff1ad00b732a95ffb41106ee87acebf536638bb
534,videos/sample_534.mp4,photos/sample_534.mp4.png,f50969cbd5a081dba982ae927f91d6cab888077f3f1b0259f242163c14fc0033
535,videos/sample_535.mp4,photos/sample_535.mp4.png,e3c79a2c81eebd84d366499944d32a42cf01c6a811ebda80ee7dfbd94a613ed1
536,videos/sample_536.mp4,photos/sample_536.mp4.png,5628a9b043eeef49598989602546b02dbb3ac9bb3d766a61bd4b43840ec964a9
537,videos/sample_537.mp4,photos/sample_537.mp4.png,82126eb7e841024f844da867dba101f1dadb29d23a99659177c4bd5e6a982e68
538,videos/sample_538.mp4,photos/sample_538.mp4.png,b9ff16592fafa288b0068c93676bfab0a9582212c6748044e5eb9a8843ccec45
539,videos/sample_539.mp4,photos/sample_539.mp4.png,65081fdf09001c93f7b2e16d68678ed9217272d30d208e44119c9ff3cd885cac
540,videos/sample_540.mp4,photos/sample_540.mp4.png,2f4dc79340bf2e4513ca3deb8cd8a00eef4cc3e65cb7f83d118d8b4aa00642c7
541,videos/sample_541.mp4,photos/sample_541.mp4.png,e518effb2c4d89311389ee43da3699ad395f6b9583f10a608da93b7c0c5af6ec
542,videos/sample_542.mp4,photos/sample_542.mp4.png,71793c3819b35e80e66b1128b1dfc3ff877927302b853b9f5dc271cf81370264
543,videos/sample_543.mp4,photos/sample_543.mp4.png,b49a9089ca8df1a804b0dceda9ab5a5e75b2d7606467c1363a95fdc058b986ff
544,videos/sample_544.mp4,photos/sample_544.mp4.png,46e852eef56bc58e5f42d04f1d32320498ca9f6a33d20104cc41a414bc030882
545,videos/sample_545.mp4,photos/sample_545.mp4.png,6638def7239240d5d92d3af913807212c19f13521d640d3e9633bf1773e959c9
546,videos/sample_546.mp4,photos/sample_546.mp4.png,7ddcb657199599c6ca4b59b4c0a4505b68f9abf24c76153cddc6ff270755537b
547,videos/sample_547.mp4,photos/sample_547.mp4.png,3726dd2e0f55f0eb34c1a447b04853fae2c79d01ebdf0710f086618619374120
548,videos/sample_548.mp4,photos/sample_548.mp4.png,b4da85e834037d7f031880336093777b79cc45c43913a85a5426541b85b15b32
549,videos/sample_549.mp4,photos/sample_549.mp4.png,9ea37977ca68594eb819cdabfc7d4c0d6e5736858d7d345870ccdca39efe306d
550,videos/sample_550.mp4,photos/sample_550.mp4.png,f6714c6207f8632abaf4c35be23c91a7de501f3fa802f7c85485e3f7c2a4e650
551,videos/sample_551.mp4,photos/sample_551.mp4.png,7d3953c37c7758197693c0027987d8b4a13e4fdef9540c5696ba1a43637ed60b
552,videos/sample_552.mp4,photos/sample_552.mp4.png,9b6ef6c60488afea4e0b009766851a8336fc9c12b2e487a7474ffacf3e54996a
553,videos/sample_553.mp4,photos/sample_553.mp4.png,dbde48192252cbfa619e77e73fee5fa96c90665c782c292cf94bbe253e05fc2b
554,videos/sample_554.mp4,photos/sample_554.mp4.png,d4d3fa9434de833a9fea5b46620782208f46009acc411c05d13aaa13500cc2b0
555,videos/sample_555.mp4,photos/sample_555.mp4.png,ba4ca07e35fcc0e99b5ca55d528dbbfd8ab656441166dbe37759a6707cd4e1b9
556,videos/sample_556.mp4,photos/sample_556.mp4.png,4d0594df405269c11c2b4c1e7826f5e46902b6c57a9b1dd300585a248b400b02
557,videos/sample_557.mp4,photos/sample_557.mp4.png,c5f35090e75098e8472f93eca7835f25e75dab3f0c75b0253aa0da93a7f589b0
558,videos/sample_558.mp4,photos/sample_558.mp4.png,2d366c19bc9bded66ca324b3702884457f9c87b5813e13aa97a954d4d6bd4208
559,videos/sample_559.mp4,photos/sample_559.mp4.png,d8cfaa239c5ad5b733c0b681b2998dcd4e3466198f44833b48f75533f28f21ac
560,videos/sample_560.mp4,photos/sample_560.mp4.png,1f12c97d25c3a1651e570021147fe87baa50f45a50b605051f536ccde1243524
561,videos/sample_561.mp4,photos/sample_561.mp4.png,6291be44f2f79c0a36b8c8e8afd3b48f2de009e592a774c8d125f16935628ba7
562,videos/sample_562.mp4,photos/sample_562.mp4.png,f3bfdcdc33c29820eee802b0409f6b181761b82b41df130bf5b1c52be9d94295
563,videos/sample_563.mp4,photos/sample_563.mp4.png,7ffee1e9632251575a72c4ee7a4fe8eb8544817896e9b7f897257c344a796a5d
564,videos/sample_564.mp4,photos/sample_564.mp4.png,4f3b294040c9d4e47cac8f48f310d1388cd120db3590423b631a714566749729
565,videos/sample_565.mp4,photos/sample_565.mp4.png,6ea58ea3c6b252f810c53521967b73e7227810d7dc32a98f7fd026cdd268e0b9
566,videos/sample_566.mp4,photos/sample_566.mp4.png,9cc78eb39c26475814fb1b6de7dc7a7c64ed0858d64e0e542f416bf53e8d8ac0
567,videos/sample_567.mp4,photos/sample_567.mp4.png,423b57f5a5b1ef81d24bf56275d7f800791b86bf1801ec1cf46fe3c77c78cad3
568,videos/sample_568.mp4,photos/sample_568.mp4.png,203685a930603619688f6b49b69e43e264b65c4fdbc2323071b72e66dd05258b
569,videos/sample_569.mp4,photos/sample_569.mp4.png,036531fda44ea0ed1560fe62a44388c8185c530f6150fa23d08641c5a054f879
570,videos/sample_570.mp4,photos/sample_570.mp4.png,b5ef5a43ee9ac5e47ce51ad324d97550c6a0042a0ccebaa720d3aceab0524cdd
571,videos/sample_571.mp4,photos/sample_571.mp4.png,fc9c34bd3094bcd915b81aca1b8b943ec88cbc80e96f6aa5830256797a58f51f
572,videos/sample_572.mp4,photos/sample_572.mp4.png,fac7d386ec3f4016991266b627d47391b0b2a99a07558aebd35597002fb83a58
573,videos/sample_573.mp4,photos/sample_573.mp4.png,610b7dd5cc7c6a99a7498fd8d60c82d30d505f859196709e7d545dea42d6e053
574,videos/sample_574.mp4,photos/sample_574.mp4.png,69c79b8b51bfb5ac10296563193cb5fa47a17a934cdb17fbc5ef21714adb5929
575,videos/sample_575.mp4,photos/sample_575.mp4.png,ee1ddaec936df670e7b904a30c9fae6fe026495f4993fce4f1784f8766c79db5
576,videos/sample_576.mp4,photos/sample_576.mp4.png,b4f7457d16a85975219c4c8171b689b4352cf55aa8103d0671edfdfb77755254
577,videos/sample_577.mp4,photos/sample_577.mp4.png,7876993cbb7c77a7db6c19ec2455bdf3346274f3f8b8389327094238c32349b7
578,videos/sample_578.mp4,photos/sample_578.mp4.png,7ab0601a1ef2dcb0e8d6d8a63fa7b2a85a608ade17f7256be901d3df9f675d9a
579,videos/sample_579.mp4,photos/sample_579.mp4.png,17d32407df162b40f444ea3f114cd7693797f68313667135d6102ac5d2ae73b0
580,videos/sample_580.mp4,photos/sample_580.mp4.png,4487e660073cb87224ed64e2bfd7653d188406501f648c8aa83e8c2c43273b61
581,videos/sample_581.mp4,photos/sample_581.mp4.png,92171171e658b8e644c63f3c1b99307121dc0bbdb59ad2e5ac36a27a0ef68777
582,videos/sample_582.mp4,photos/sample_582.mp4.png,600f8eaeb88140c50bcbef22285a9754dc2456320bc03805e12a1a09f0d1551a
583,videos/sample_583.mp4,photos/sample_583.mp4.png,08943e37ba5895edcb0f20e11b3c9d9ec9dfdbaf64dfc2a40d69fe3de424cccc
584,videos/sample_584.mp4,photos/sample_584.mp4.png,1775231c0455dece07566a8fce146335555d93fe7bb7825199f9e4827789a8db
585,videos/sample_585.mp4,photos/sample_585.mp4.png,ce3792ac09a01486d75a7a4705c5d13c3521d3f7d19a20f8aff44e0b28f04c5f
586,videos/sample_586.mp4,photos/sample_586.mp4.png,0fde40ce09dc803396033defc460f582ad5bf8b71ced431d522d5359a4eded7d
587,videos/sample_587.mp4,photos/sample_587.mp4.png,5c365d076a97d4c9993395506ec0fdaaefccfe78911fdd76498a6aa10afeac0d
588,videos/sample_588.mp4,photos/sample_588.mp4.png,a536454a55a81659b7959c431cc69d088bddd49aa6c7f02e5916d71e044b8f28
589,videos/sample_589.mp4,photos/sample_589.mp4.png,299034f78a10a62aa3a2cacb7ffe18abe54aa6cd14e37cb5bfeabc90f17c3618
590,videos/sample_590.mp4,photos/sample_590.mp4.png,2089b55b0d848bf63d6da1a48f1959910b3f8c411d08bb0d5cea9047a6fc0116
591,videos/sample_591.mp4,photos/sample_591.mp4.png,f478df4cd9bff8a4f69fc5d66dcb2332da0a259df41de9af1c8b0945f10cdeab
592,videos/sample_592.mp4,photos/sample_592.mp4.png,ccd0c71ef4d99582c24fab42a39c5f302d826d4e0f177910fe6672b2f420f83a
593,videos/sample_593.mp4,photos/sample_593.mp4.png,dc501ea8647c9e626fbf2101734cf6457910faf14f414af8322b7c1b4b6595fb
594,videos/sample_594.mp4,photos/sample_594.mp4.png,37fe3e1cb27ef20c192da7d1758e084483a6e61268f14f16e77369888569d2c2
595,videos/sample_595.mp4,photos/sample_595.mp4.png,b9b28e885ebc1cfbeafea5e53c94b18340ab8b6e7c6b5943c9b1133a63a33d01
596,videos/sample_596.mp4,photos/sample_596.mp4.png,49a627e321ec61dda0fc34947570370f514e7f3ae0f0ab78b8c1d26465cdeda8
597,videos/sample_597.mp4,photos/sample_597.mp4.png,b8e2878f499e7b027a5d79775160a2f28a9b6b5dcd978e3e9c7e0709389ffe7a
598,videos/sample_598.mp4,photos/sample_598.mp4.png,38be250e3046b6a291c328837da1aa03c7e076b71363a7450834aca27955d424
599,videos/sample_599.mp4,photos/sample_599.mp4.png,9ededd1ded39075e165c65dc24afe9f7822a712483624e2ff40bdd2236eab023
600,videos/sample_600.mp4,photos/sample_600.mp4.png,c14bdce572ccae22ace3e527342c02379de5ea4223b778c891ddf51941e82d14
